id,0dayPrice,7dayPrice,14dayPrice,30dayPrice,90dayPrice,
NNI2016q3,0.0,0.228,0.264,0.183,0.156
NNI2017q1,0.0,-0.116,-0.082,-0.111,
ADP2017q1,0.0,0.057,0.066,0.023,0.137
ADP2017q2,0.0,0.046,0.097,0.014,0.097
ADP2017q3,0.0,-0.008,0.019,-0.027,
DBD2016q3,0.0,-0.057,0.008,-0.051,0.109
DBD2017q1,0.0,-0.066,0.006,-0.027,
IRBT2016q3,0.0,0.061,0.162,0.02,0.23
IRBT2017q1,0.0,0.085,0.135,0.048,
VLY2016q3,0.0,0.142,0.21,0.138,0.223
VLY2017q1,0.0,-0.062,-0.062,-0.028,
SPGI2016q3,0.0,0.012,-0.053,0.031,-0.016
SPGI2016q4,0.0,0.039,0.047,0.019,0.091
SPGI2017q1,0.0,0.027,0.048,0.008,
SPGI2016q3,0.0,0.012,-0.053,0.031,-0.016
SPGI2016q4,0.0,0.039,0.047,0.019,0.091
SPGI2017q1,0.0,0.027,0.048,0.008,
DORM2016q3,0.0,-0.003,0.131,-0.026,0.062
DORM2017q1,0.0,-0.01,0.033,0.009,
ITW2016q3,0.0,0.088,0.105,0.002,0.122
ITW2016q4,0.0,0.029,0.047,0.018,0.091
ITW2017q1,0.0,-0.019,0.029,-0.016,
POST2017q1,0.0,-0.024,-0.006,0.002,-0.032
POST2017q2,0.0,0.051,0.074,0.039,
DECK2017q1,0.0,0.088,-0.046,0.081,-0.156
DECK2017q2,0.0,0.179,0.127,0.108,-0.182
DECK2017q3,0.0,-0.003,0.035,0.009,0.164
MRO2016q3,0.0,0.096,0.291,0.07,0.188
MRO2017q1,0.0,0.02,-0.107,0.003,
CLR2016q3,0.0,0.048,0.225,0.004,0.033
CLR2017q1,0.0,-0.006,-0.144,-0.0,
BDN2016q3,0.0,-0.037,-0.026,0.001,0.064
BDN2017q1,0.0,-0.029,0.022,-0.009,
THG2016q3,0.0,0.067,0.097,0.041,0.058
THG2017q1,0.0,-0.054,-0.042,-0.058,
BRCD2017q1,0.0,0.013,0.015,0.008,0.027
BRCD2017q2,0.0,0.004,-0.0,0.0,
TDC2016q3,0.0,0.056,-0.003,0.071,0.107
TDC2017q1,0.0,-0.029,-0.068,-0.018,
DLTR2017q3,0.0,-0.032,-0.112,-0.02,-0.136
DLTR2018q1,0.0,-0.05,-0.155,0.022,
BOH2016q3,0.0,0.022,0.153,0.01,0.193
BOH2017q1,0.0,0.0,-0.042,-0.001,
PPL2016q3,0.0,-0.022,-0.026,0.022,0.023
PPL2017q1,0.0,0.009,0.042,0.003,
TMK2016q3,0.0,0.101,0.115,0.1,0.158
TMK2017q1,0.0,-0.024,-0.025,-0.008,
FTV2016q3,0.0,0.141,0.18,0.073,0.153
FTV2017q1,0.0,0.005,0.02,0.008,
FCX2016q3,0.0,0.24,0.205,0.056,0.187
FCX2017q1,0.0,-0.006,-0.043,-0.025,
CNX2016q3,0.0,-0.003,0.096,-0.079,-0.007
CNX2016q4,0.0,-0.016,-0.123,-0.014,
CNX2017q1,0.0,0.0,,0.0,
MMM2016q3,0.0,0.061,0.058,0.041,0.075
MMM2016q4,0.0,0.057,0.08,0.036,0.118
MMM2017q1,0.0,-0.008,0.052,-0.005,
RES2016q3,0.0,-0.016,0.166,-0.01,0.257
RES2017q1,0.0,-0.007,0.064,-0.028,
PEG2016q3,0.0,-0.05,-0.018,-0.005,0.033
PEG2017q1,0.0,-0.029,0.009,-0.005,
ADSK2017q3,0.0,0.14,0.069,0.181,0.247
ADSK2018q1,0.0,-0.05,-0.098,-0.005,
AMZN2016q2,0.0,0.018,0.013,0.009,0.101
AMZN2016q3,0.0,-0.048,0.005,-0.027,0.059
AMZN2016q4,0.0,0.021,0.03,0.021,0.151
AMZN2017q1,0.0,0.039,0.077,0.01,
GWRE2017q1,0.0,-0.059,-0.115,-0.051,-0.019
GWRE2017q2,0.0,-0.009,-0.019,0.006,0.158
GWRE2017q3,0.0,-0.03,-0.009,-0.041,
PRXL2017q2,0.0,0.027,0.018,0.039,0.161
PRXL2017q3,0.0,0.072,0.103,0.053,
STE2017q1,0.0,-0.035,-0.017,-0.021,-0.078
STE2017q2,0.0,0.003,0.021,0.009,0.078
STE2017q3,0.0,0.042,0.034,0.032,0.145
AXE2016q3,0.0,0.029,0.237,0.008,0.219
AXE2017q1,0.0,-0.062,-0.098,-0.048,
CRUS2017q1,0.0,0.215,0.229,0.156,0.287
CRUS2017q2,0.0,0.034,0.11,0.061,0.192
CRUS2017q3,0.0,-0.154,-0.161,-0.123,0.011
PKG2016q3,0.0,0.107,0.101,0.045,0.174
PKG2017q1,0.0,-0.028,0.02,0.001,
WFC2016q3,0.0,0.158,0.182,0.139,0.242
WFC2017q1,0.0,-0.037,-0.06,-0.038,
DPS2016q3,0.0,-0.044,0.011,-0.005,0.056
DPS2016q4,0.0,0.004,0.042,0.016,-0.015
DPS2017q1,0.0,-0.027,0.005,-0.023,
IBM2016q3,0.0,0.038,0.083,0.013,0.141
IBM2017q1,0.0,-0.042,-0.035,-0.008,
TXRH2016q3,0.0,0.171,0.226,0.162,0.207
TXRH2017q1,0.0,-0.038,0.007,-0.025,
MTSI2017q1,0.0,0.021,-0.003,-0.006,0.02
MTSI2017q2,0.0,-0.052,0.201,-0.092,
P2016q3,0.0,-0.081,-0.025,-0.079,0.165
P2017q1,0.0,-0.08,-0.153,-0.059,
ACAD2016q3,0.0,0.245,0.178,0.264,0.592
ACAD2017q1,0.0,-0.146,-0.19,-0.12,
COTY2017q1,0.0,0.009,-0.025,-0.066,0.0
COTY2017q2,0.0,0.027,0.05,0.02,-0.02
COTY2017q3,0.0,-0.053,-0.054,-0.065,
UDR2016q3,0.0,0.007,-0.021,0.006,0.055
UDR2017q1,0.0,0.013,0.033,0.01,
JBHT2016q3,0.0,0.111,0.164,-0.005,0.195
JBHT2017q1,0.0,-0.04,-0.055,-0.008,
DOC2016q3,0.0,-0.018,-0.02,-0.038,0.034
DOC2017q1,0.0,0.058,0.089,0.027,
SWKS2017q1,0.0,0.052,0.058,0.0,0.101
SWKS2017q2,0.0,-0.006,0.072,0.011,
BAH2017q1,0.0,-0.029,-0.019,-0.03,-0.0
BAH2017q2,0.0,0.132,0.209,0.081,0.089
BAH2017q3,0.0,0.011,0.073,0.021,0.065
CBF2016q3,0.0,0.108,0.097,0.002,0.24
CBF2017q1,0.0,-0.084,-0.113,-0.062,
NRG2016q3,0.0,0.016,0.019,0.004,0.502
NRG2017q1,0.0,-0.054,0.063,-0.067,
QCOM2016q4,0.0,-0.012,-0.011,0.012,-0.197
QCOM2017q1,0.0,-0.07,0.006,-0.066,-0.06
QCOM2017q2,0.0,0.036,0.096,0.008,
SIX2016q3,0.0,0.056,0.073,0.027,0.149
SIX2017q1,0.0,-0.034,-0.052,-0.048,
MCK2017q1,0.0,-0.006,-0.072,-0.009,-0.194
MCK2017q2,0.0,-0.081,-0.109,-0.193,-0.074
MCK2017q3,0.0,0.008,0.089,0.003,-0.024
MAIN2016q3,0.0,0.113,0.099,0.116,0.098
MAIN2017q1,0.0,-0.048,-0.039,-0.047,
FLS2016q3,0.0,0.056,0.078,-0.042,0.18
FLS2017q1,0.0,0.001,-0.023,-0.001,
ROG2016q3,0.0,0.111,0.136,0.117,0.249
ROG2017q1,0.0,0.018,0.005,0.003,
CPE2016q3,0.0,0.079,0.293,0.066,0.146
CPE2017q1,0.0,0.03,-0.038,0.019,
ALK2016q3,0.0,0.1,0.2,0.031,0.327
ALK2017q1,0.0,-0.004,0.051,-0.019,
STAG2016q3,0.0,0.031,0.085,-0.007,0.082
STAG2017q1,0.0,-0.012,0.035,-0.035,
GWR2016q3,0.0,0.069,0.118,0.061,0.031
GWR2017q1,0.0,0.018,0.017,0.016,
EXAS2016q3,0.0,0.013,-0.055,-0.062,0.048
EXAS2017q1,0.0,0.142,0.106,0.06,
PKI2016q3,0.0,-0.001,0.046,0.004,0.033
PKI2017q1,0.0,-0.008,0.027,-0.0,
RGC2016q3,0.0,0.024,-0.043,0.042,-0.022
RGC2017q1,0.0,-0.052,-0.039,-0.054,
GEF2017q1,0.0,0.048,0.023,-0.01,0.109
GEF2017q2,0.0,0.017,0.04,0.011,
FB2016q3,0.0,-0.018,-0.038,0.007,0.086
FB2016q4,0.0,0.019,0.047,0.025,0.166
FB2017q1,0.0,-0.021,0.018,-0.005,
GWW2016q3,0.0,0.094,0.09,-0.015,0.202
GWW2017q1,0.0,-0.022,-0.095,-0.023,
HHC2016q3,0.0,0.064,0.15,0.05,0.071
HHC2017q1,0.0,0.033,0.023,0.019,
AON2016q3,0.0,-0.007,0.023,-0.032,0.008
AON2017q1,0.0,0.034,0.06,0.014,
JCOM2016q3,0.0,0.07,0.142,0.046,0.199
JCOM2017q1,0.0,-0.051,-0.025,-0.071,
CR2016q3,0.0,0.103,0.128,0.087,0.082
CR2017q1,0.0,-0.032,-0.006,-0.025,
WRI2016q3,0.0,0.005,0.033,0.013,0.015
WRI2017q1,0.0,-0.073,-0.067,-0.013,
HBAN2016q3,0.0,0.221,0.313,0.167,0.328
HBAN2017q1,0.0,-0.007,0.0,0.011,
DCT2016q3,0.0,-0.014,0.012,-0.032,0.002
DCT2017q1,0.0,0.021,0.044,-0.006,
RP2016q3,0.0,0.056,0.099,0.013,0.147
RP2017q1,0.0,-0.039,-0.05,-0.029,
CPRT2017q1,0.0,0.024,0.013,0.022,0.081
CPRT2017q2,0.0,0.021,0.05,0.025,0.05
CPRT2017q3,0.0,-0.011,0.004,0.012,
SLAB2016q3,0.0,0.017,0.108,-0.042,0.095
SLAB2016q4,0.0,0.045,-0.004,0.054,0.024
SLAB2017q1,0.0,-0.035,-0.011,-0.065,
IBOC2016q3,0.0,0.229,0.293,0.21,0.207
IBOC2017q1,0.0,-0.079,-0.071,-0.034,
MDR2016q3,0.0,-0.033,0.243,0.046,0.446
MDR2017q1,0.0,-0.013,-0.074,-0.033,
TSCO2016q3,0.0,0.118,0.159,0.09,0.13
TSCO2017q1,0.0,-0.124,-0.06,-0.053,
DDR2016q3,0.0,0.013,0.026,0.015,0.035
DDR2017q1,0.0,-0.072,-0.123,-0.032,
ESRT2016q3,0.0,0.025,0.06,0.006,0.071
ESRT2017q1,0.0,-0.006,0.033,0.026,
TYL2016q3,0.0,-0.064,-0.075,-0.051,-0.113
TYL2017q1,0.0,0.031,0.052,0.024,
CFR2016q3,0.0,0.056,0.107,-0.019,0.215
CFR2016q4,0.0,0.049,0.052,0.005,0.046
CFR2017q1,0.0,-0.051,-0.041,-0.028,
SGEN2016q3,0.0,0.361,0.439,0.142,0.163
SGEN2017q1,0.0,-0.078,-0.061,-0.115,
AOS2016q3,0.0,0.049,0.103,0.033,0.081
AOS2017q1,0.0,-0.018,0.018,-0.015,
DTE2016q3,0.0,-0.016,0.001,-0.008,0.052
DTE2016q4,0.0,0.03,0.031,0.015,0.078
DTE2017q1,0.0,0.002,0.043,-0.006,
SWFT2016q3,0.0,0.101,0.124,0.084,0.022
SWFT2017q1,0.0,-0.064,-0.018,-0.031,
NFX2016q3,0.0,-0.002,0.139,-0.065,-0.009
NFX2017q1,0.0,0.017,-0.046,0.001,
WGL2017q1,0.0,-0.002,0.006,-0.004,0.0
WGL2017q2,0.0,-0.006,0.005,-0.003,
DXCM2016q3,0.0,-0.082,-0.187,-0.196,0.008
DXCM2017q1,0.0,-0.146,-0.181,-0.118,
B2016q3,0.0,0.077,0.167,-0.032,0.173
B2017q1,0.0,0.002,0.026,0.005,
MORN2016q3,0.0,0.017,0.06,-0.022,0.085
MORN2017q1,0.0,0.029,0.008,0.002,
KIM2016q3,0.0,-0.028,0.002,-0.047,-0.024
KIM2017q1,0.0,-0.068,-0.111,-0.017,
GSAT2016q3,0.0,0.082,0.012,0.069,0.975
GSAT2017q1,0.0,0.402,0.219,0.124,
POL2016q3,0.0,0.038,0.111,-0.014,0.125
POL2017q1,0.0,-0.021,-0.043,-0.011,
NATI2016q3,0.0,0.061,0.056,0.014,0.115
NATI2017q1,0.0,0.074,0.114,0.015,
TRMK2016q3,0.0,0.236,0.254,0.159,0.256
TRMK2017q1,0.0,-0.062,-0.067,-0.023,
JACK2017q1,0.0,-0.004,0.04,-0.011,0.047
JACK2017q2,0.0,-0.006,-0.008,-0.027,
FDS2017q1,0.0,0.004,0.037,0.003,-0.041
FDS2017q2,0.0,0.022,0.01,0.009,0.015
FDS2017q3,0.0,-0.024,,0.001,
CTL2016q3,0.0,0.075,0.061,0.033,0.147
CTL2017q1,0.0,0.054,0.119,0.044,
RARE2016q3,0.0,0.32,0.176,0.331,0.21
RARE2017q1,0.0,-0.059,-0.069,-0.051,
BLUE2016q3,0.0,0.285,0.503,0.134,0.606
BLUE2017q1,0.0,-0.013,-0.036,0.037,
RCL2016q3,0.0,0.098,0.115,0.01,0.162
RCL2017q1,0.0,0.009,0.042,0.019,
SUI2016q3,0.0,-0.06,-0.069,0.003,0.033
SUI2017q1,0.0,-0.009,0.022,-0.021,
TWX2016q3,0.0,0.019,0.079,-0.008,0.114
TWX2017q1,0.0,-0.023,0.005,-0.003,
AMED2016q3,0.0,0.07,0.015,0.076,0.199
AMED2017q1,0.0,0.022,0.046,0.022,
BCO2016q3,0.0,0.067,0.152,-0.016,0.143
BCO2017q1,0.0,0.042,0.042,0.003,
RH2017q3,0.0,-0.215,-0.253,-0.172,-0.169
RH2018q1,0.0,0.233,0.517,0.193,
UHS2016q3,0.0,-0.053,-0.121,-0.044,-0.118
UHS2017q1,0.0,-0.012,-0.068,0.004,
SCHW2016q3,0.0,0.182,0.221,0.14,0.246
SCHW2017q1,0.0,-0.045,-0.036,0.005,
MANH2016q3,0.0,-0.035,0.026,-0.023,-0.031
MANH2016q4,0.0,0.03,0.035,0.0,-0.049
MANH2017q1,0.0,-0.024,0.023,0.002,
CLF2016q3,0.0,0.46,0.955,0.103,0.832
CLF2016q4,0.0,-0.072,-0.231,0.018,-0.456
CLF2017q1,0.0,-0.067,-0.084,-0.057,
DRH2016q3,0.0,0.07,0.197,0.093,0.182
DRH2017q1,0.0,-0.012,-0.012,-0.062,
FLR2016q3,0.0,-0.01,0.036,-0.027,0.076
FLR2017q1,0.0,-0.101,-0.095,-0.057,
MTZ2016q3,0.0,0.263,0.322,0.178,0.316
MTZ2017q1,0.0,-0.053,0.013,0.032,
AYI2017q1,0.0,0.027,0.02,0.063,-0.141
AYI2017q2,0.0,0.005,0.035,0.022,0.168
AYI2017q3,0.0,-0.0,,0.003,
WFM2017q1,0.0,-0.003,-0.034,0.019,0.2
WFM2017q2,0.0,-0.025,0.186,-0.024,
HTH2016q3,0.0,0.081,0.157,-0.0,0.149
HTH2017q1,0.0,-0.03,-0.09,-0.02,
LM2017q1,0.0,0.022,0.026,0.018,-0.129
LM2017q2,0.0,0.106,0.112,0.005,0.117
LM2017q3,0.0,0.081,0.052,0.026,0.055
TRIP2016q3,0.0,-0.186,-0.238,-0.207,-0.177
TRIP2017q1,0.0,-0.129,-0.203,-0.028,
FR2016q3,0.0,-0.013,0.025,-0.009,0.092
FR2017q1,0.0,-0.014,0.022,-0.001,
KMI2016q3,0.0,-0.053,0.033,-0.026,0.075
KMI2016q4,0.0,-0.055,-0.044,-0.032,-0.109
KMI2017q1,0.0,0.002,-0.031,0.024,
CHRW2016q3,0.0,0.037,0.078,0.038,0.065
CHRW2017q1,0.0,-0.035,-0.049,-0.018,
APD2017q1,0.0,-0.013,-0.008,-0.013,0.005
APD2017q2,0.0,0.02,0.02,0.026,
AFSI2017q1,0.0,-0.079,-0.003,-0.107
USM2016q3,0.0,0.02,0.137,0.0,0.295
USM2017q1,0.0,-0.031,0.013,-0.018,
RE2016q3,0.0,0.009,0.037,0.025,0.103
RE2017q1,0.0,0.015,0.053,-0.01,
MHK2016q3,0.0,-0.008,-0.012,-0.01,0.057
MHK2017q1,0.0,-0.009,0.031,-0.007,
FANG2016q3,0.0,0.058,0.144,0.031,0.125
FANG2017q1,0.0,0.067,-0.035,0.065,
NTCT2017q1,0.0,0.047,0.091,0.016,0.007
NTCT2017q2,0.0,0.203,0.122,0.086,0.148
NTCT2017q3,0.0,0.155,0.126,0.12,0.144
ASH2017q1,0.0,-0.002,0.025,-0.002,0.076
ASH2017q2,0.0,-0.007,-0.468,-0.026,
SNV2016q3,0.0,0.185,0.2,0.146,0.281
SNV2017q1,0.0,-0.029,-0.029,-0.009,
HOMB2016q3,0.0,0.23,0.217,0.171,0.269
HOMB2017q1,0.0,-0.028,-0.038,0.002,
ISRG2016q3,0.0,-0.022,-0.039,-0.023,-0.026
ISRG2016q4,0.0,0.028,0.056,0.008,0.198
ISRG2017q1,0.0,0.047,0.078,0.033,
EXC2016q3,0.0,-0.036,-0.01,-0.017,0.067
EXC2016q4,0.0,0.059,0.025,0.014,-0.043
EXC2017q1,0.0,0.036,0.088,-0.006,
DAN2016q3,0.0,-0.004,0.131,0.007,0.276
DAN2016q4,0.0,-0.029,-0.035,-0.013,0.086
DAN2017q1,0.0,0.014,0.101,0.055,
EVR2016q3,0.0,0.217,0.299,0.097,0.466
EVR2017q1,0.0,-0.058,-0.052,-0.029,
TWOU2016q3,0.0,0.132,-0.017,0.028,0.074
TWOU2017q1,0.0,-0.054,0.014,-0.056,
CPN2016q3,0.0,-0.044,-0.003,-0.053,0.007
CPN2016q4,0.0,0.009,-0.055,-0.015,-0.136
CPN2017q1,0.0,0.214,0.304,-0.018,
GMED2016q3,0.0,0.0,0.141,-0.016,0.244
GMED2017q1,0.0,-0.057,-0.002,-0.028,
MCY2016q3,0.0,0.035,0.049,-0.023,0.132
MCY2016q4,0.0,0.028,0.033,0.022,-0.035
MCY2017q1,0.0,-0.049,-0.008,-0.046,
HLS2016q3,0.0,-0.002,0.037,0.016,-0.005
HLS2017q1,0.0,0.015,-0.015,0.012,
AVX2017q1,0.0,0.022,0.03,0.024,0.04
AVX2017q2,0.0,0.057,0.101,0.055,0.146
AVX2017q3,0.0,-0.006,-0.035,0.0,0.034
OI2016q3,0.0,-0.007,-0.025,-0.012,0.045
OI2016q4,0.0,0.005,-0.026,-0.02,
OI2017q1,0.0,0.0,,0.0,
DISCA2016q3,0.0,0.078,0.053,0.002,0.085
DISCA2016q4,0.0,0.008,-0.013,0.038,-0.088
DISCA2017q1,0.0,-0.039,-0.022,-0.041,
CERN2016q3,0.0,-0.079,-0.1,-0.044,0.011
CERN2016q4,0.0,0.08,0.073,0.09,0.259
CERN2017q1,0.0,-0.006,0.003,0.002,
CMS2016q3,0.0,-0.038,-0.011,0.003,0.022
CMS2016q4,0.0,0.024,0.028,0.006,0.078
CMS2017q1,0.0,0.02,0.058,0.015,
LPX2016q2,0.0,-0.068,-0.022,-0.048,-0.107
LPX2016q3,0.0,-0.002,0.054,-0.033,0.063
LPX2017q1,0.0,-0.066,-0.068,-0.034,
TWO2016q3,0.0,-0.007,0.025,0.001,0.086
TWO2017q1,0.0,0.009,0.042,-0.011,
COST2017q1,0.0,-0.002,0.009,0.01,0.033
COST2017q2,0.0,0.007,0.029,0.008,0.097
COST2017q3,0.0,-0.003,-0.115,0.004,
FLT2016q3,0.0,0.022,0.024,-0.029,-0.008
FLT2017q1,0.0,0.008,0.079,0.035,
AJG2016q3,0.0,0.066,0.073,-0.018,0.11
AJG2016q4,0.0,0.024,0.027,0.025,0.001
AJG2017q1,0.0,-0.019,0.023,-0.002,
PNC2016q3,0.0,0.175,0.174,0.119,0.279
PNC2017q1,0.0,-0.043,-0.027,0.0,
TTEK2017q1,0.0,0.015,-0.023,-0.008,0.074
TTEK2017q2,0.0,-0.041,0.026,-0.004,
LEA2016q3,0.0,-0.031,0.075,0.0,0.196
LEA2016q4,0.0,0.016,0.035,0.034,0.028
LEA2017q1,0.0,0.026,0.046,-0.034,
AIT2017q1,0.0,0.079,0.205,-0.028,0.265
AIT2017q2,0.0,-0.01,0.012,-0.023,0.015
AIT2017q3,0.0,-0.035,-0.032,0.0,
FFIN2016q3,0.0,0.007,0.253,-0.012,0.174
FFIN2017q1,0.0,0.004,-0.027,0.002,
DFT2016q3,0.0,-0.026,0.028,-0.03,0.208
DFT2017q1,0.0,-0.007,0.037,-0.039,
OLN2016q3,0.0,0.15,0.201,0.083,0.214
OLN2017q1,0.0,0.003,-0.039,0.007,
FIBK2016q3,0.0,0.14,0.273,0.182,0.265
FIBK2017q1,0.0,-0.053,-0.056,-0.027,
NRZ2016q3,0.0,0.041,0.108,0.024,0.124
NRZ2017q1,0.0,-0.054,-0.02,-0.033,
DRE2016q3,0.0,-0.079,-0.008,-0.027,0.045
DRE2017q1,0.0,0.006,0.041,0.005,
RAI2016q3,0.0,0.176,0.163,0.17,0.257
RAI2016q4,0.0,0.017,0.009,0.003,0.08
RAI2017q1,0.0,0.026,0.051,0.009,
CBSH2016q3,0.0,0.152,0.211,0.147,0.189
CBSH2017q1,0.0,-0.033,-0.031,-0.017,
SO2016q3,0.0,-0.048,-0.056,-0.046,-0.002
SO2017q1,0.0,0.015,0.043,0.008,
ROK2017q1,0.0,0.034,0.041,0.018,0.062
ROK2017q2,0.0,0.011,0.043,0.0,
RAD2017q3,0.0,0.05,-0.357,0.062,-0.486
RAD2018q1,0.0,-0.008,,-0.008,
CA2017q1,0.0,-0.003,-0.004,-0.021,-0.052
CA2017q2,0.0,0.043,0.042,-0.002,0.081
CA2017q3,0.0,0.001,0.051,-0.011,0.05
CA2017q4,0.0,0.015,0.011,-0.011,
VMC2016q3,0.0,0.158,0.131,0.169,0.142
VMC2017q1,0.0,-0.04,-0.0,-0.044,
KRO2016q3,0.0,0.504,0.521,0.429,0.665
KRO2017q1,0.0,0.156,0.11,0.171,
FLO2016q3,0.0,-0.016,0.229,-0.003,0.289
FLO2017q1,0.0,-0.047,-0.081,-0.039,
LMT2016q3,0.0,0.035,0.07,-0.04,0.025
LMT2016q4,0.0,0.026,0.048,0.028,0.068
LMT2017q1,0.0,0.005,0.049,-0.003,
WLK2016q3,0.0,0.04,0.08,0.023,0.167
WLK2017q1,0.0,-0.025,0.008,-0.016,
MNK0q1,0.0,-0.123,-0.132,0.025,
MNK2016q3,0.0,0.032,-0.017,0.04,-0.229
PODD2016q3,0.0,0.056,-0.054,0.008,0.181
PODD2017q1,0.0,0.059,0.06,0.031,
MMS2017q1,0.0,0.082,0.088,0.058,0.141
MMS2017q2,0.0,0.019,0.037,0.035,
TUP2016q3,0.0,0.017,-0.008,-0.011,-0.049
TUP2017q1,0.0,0.016,-0.002,0.01,
EXPD2016q2,0.0,0.007,0.018,0.017,0.013
EXPD2016q3,0.0,0.043,0.129,0.03,0.06
EXPD2017q1,0.0,-0.034,0.013,-0.022,
MRK2016q3,0.0,0.037,0.0,0.058,0.079
MRK2017q1,0.0,0.02,-0.001,0.008,
SEE2016q3,0.0,0.022,0.003,0.007,0.082
SEE2017q1,0.0,0.015,0.021,0.006,
ILMN2016q3,0.0,-0.021,-0.103,-0.007,0.18
ILMN2016q4,0.0,0.018,-0.03,-0.014,0.095
ILMN2017q1,0.0,-0.054,-0.018,-0.025,
LYB2016q3,0.0,0.067,0.177,0.009,0.218
LYB2017q1,0.0,-0.044,-0.048,-0.007,
ALSN2016q3,0.0,0.032,0.15,0.019,0.201
ALSN2017q1,0.0,-0.012,-0.0,-0.01,
KEY2016q3,0.0,0.182,0.261,0.155,0.27
KEY2017q1,0.0,-0.053,-0.066,-0.028,
T2016q3,0.0,0.021,0.054,-0.002,0.165
T2017q1,0.0,-0.002,0.023,0.011,
NAV2017q1,0.0,0.017,0.004,0.043,0.169
NAV2017q2,0.0,-0.149,-0.092,-0.078,
ROST2017q3,0.0,-0.004,-0.043,-0.012,-0.02
ROST2018q1,0.0,-0.084,-0.096,-0.016,
A2017q1,0.0,0.033,0.03,0.052,0.172
A2017q2,0.0,0.004,-0.012,-0.014,
L2016q3,0.0,0.022,0.039,-0.028,0.087
L2017q1,0.0,-0.024,0.0,-0.01,
TER2016q3,0.0,0.064,0.107,0.055,0.237
TER2017q1,0.0,0.01,-0.032,-0.011,
PFE2016q3,0.0,-0.062,-0.053,-0.053,-0.032
PFE2017q1,0.0,-0.027,-0.008,-0.025,
PBF2016q3,0.0,0.16,0.071,0.116,0.03
PBF2017q1,0.0,0.046,-0.016,0.091,
LNT2016q3,0.0,-0.032,-0.023,-0.04,0.031
LNT2017q1,0.0,-0.001,0.049,-0.012,
AIV2016q3,0.0,-0.021,-0.034,0.035,0.066
AIV2017q1,0.0,-0.013,0.002,-0.017,
ED2016q3,0.0,-0.043,-0.047,-0.043,0.016
ED2017q1,0.0,0.022,0.068,0.007,
LKQ2016q3,0.0,0.029,0.019,-0.001,-0.004
LKQ2017q1,0.0,-0.009,0.002,-0.001,
F2016q3,0.0,0.017,0.026,-0.033,0.091
F2016q4,0.0,0.015,0.012,0.013,-0.086
F2017q1,0.0,-0.04,-0.047,-0.041,
SYY2017q1,0.0,-0.002,0.003,-0.013,-0.05
SYY2017q2,0.0,0.011,0.004,0.01,0.058
SYY2017q3,0.0,-0.012,0.001,-0.013,
MAA2016q3,0.0,0.015,0.013,0.042,0.08
MAA2017q1,0.0,0.008,0.032,0.01,
UGI2017q1,0.0,0.003,0.021,0.011,0.035
UGI2017q2,0.0,-0.029,0.044,-0.008,
MDRX2016q3,0.0,0.062,0.024,0.003,0.146
MDRX2017q1,0.0,-0.039,-0.034,-0.005,
WYNN2016q3,0.0,0.055,0.127,-0.035,0.159
WYNN2017q1,0.0,-0.011,0.088,-0.013,
MCHP2017q1,0.0,0.019,0.006,0.003,0.032
MCHP2017q2,0.0,0.031,0.025,0.019,0.087
MCHP2017q3,0.0,-0.005,0.007,-0.026,0.041
ARRS2016q3,0.0,0.091,0.128,0.086,0.083
ARRS2017q1,0.0,-0.023,0.038,0.01,
STX2017q1,0.0,0.091,0.144,-0.034,0.114
STX2017q2,0.0,0.056,0.088,0.031,0.166
STX2017q3,0.0,0.022,0.009,0.034,
LOGM2016q3,0.0,0.079,0.151,-0.015,0.126
LOGM2017q1,0.0,-0.063,-0.055,-0.047,
XOM2016q3,0.0,0.028,0.05,0.05,0.012
XOM2017q1,0.0,0.001,-0.03,-0.0,
TJX2017q3,0.0,-0.013,-0.041,-0.002,0.005
TJX2018q1,0.0,-0.024,-0.083,-0.004,
INCY2016q3,0.0,0.146,0.11,0.024,0.313
INCY2016q4,0.0,0.079,0.204,-0.008,-0.048
INCY2017q1,0.0,0.03,0.052,-0.069,
CLVS2016q3,0.0,0.318,0.33,0.254,1.391
CLVS2017q1,0.0,0.064,0.121,-0.106,
MXL2016q3,0.0,0.158,0.085,0.114,0.373
MXL2016q4,0.0,-0.001,-0.006,0.007,0.106
MXL2017q1,0.0,0.059,0.081,0.095,
GILD2016q3,0.0,0.013,-0.016,0.037,-0.016
GILD2017q1,0.0,-0.039,-0.033,-0.036,
TSLA2016q3,0.0,-0.022,-0.035,0.011,0.34
TSLA2017q1,0.0,-0.046,0.099,-0.059,
AME2016q3,0.0,0.089,0.085,0.083,0.157
AME2017q1,0.0,0.011,0.027,-0.004,
WTFC2016q3,0.0,0.213,0.322,0.179,0.335
WTFC2017q1,0.0,-0.015,0.035,0.013,
FNSR2017q1,0.0,0.263,0.32,0.215,0.366
FNSR2017q2,0.0,-0.077,-0.151,-0.041,0.016
FNSR2017q3,0.0,-0.206,-0.287,-0.231,-0.233
AKS2016q3,0.0,0.152,0.742,-0.03,0.806
AKS2017q1,0.0,-0.114,-0.085,-0.08,
SNPS2016q4,0.0,-0.003,0.001,0.008,0.186
SNPS2017q1,0.0,0.007,0.009,0.022,0.065
SNPS2017q2,0.0,0.068,0.039,0.048,
AVY2016q3,0.0,0.029,0.029,0.03,0.06
AVY2017q1,0.0,0.01,0.028,-0.005,
CWH2016q3,0.0,0.172,0.363,0.077,0.413
CWH2017q1,0.0,-0.059,-0.118,-0.055,
GT2016q3,0.0,0.034,0.101,-0.018,0.098
GT2016q4,0.0,0.119,0.104,0.126,0.108
GT2017q1,0.0,-0.052,-0.1,-0.025,
NOC2016q3,0.0,0.062,0.09,0.003,0.024
NOC2016q4,0.0,0.042,0.072,0.015,0.076
NOC2017q1,0.0,0.0,0.036,-0.01,
JLL2016q3,0.0,0.114,0.138,0.052,0.166
JLL2017q1,0.0,-0.102,-0.061,-0.076,
MYL2016q3,0.0,-0.053,-0.062,-0.026,0.012
MYL2017q1,0.0,0.023,0.046,0.009,
BID2016q3,0.0,0.011,0.02,-0.015,0.032
BID2017q1,0.0,0.06,0.047,-0.005,
TRGP2016q3,0.0,0.112,0.16,0.061,0.291
TRGP2017q1,0.0,0.013,-0.07,0.04,
OHI2016q3,0.0,-0.025,0.049,-0.021,0.115
OHI2017q1,0.0,0.042,-0.021,0.036,
AKRX2016q3,0.0,0.099,-0.019,0.063,-0.058
AKRX2017q1,0.0,0.0,0.005,0.002,
HRG2017q1,0.0,0.05,0.065,0.007,0.038
HRG2017q2,0.0,-0.03,0.077,-0.021,
IPGP2016q3,0.0,0.012,0.013,0.03,0.225
IPGP2017q1,0.0,0.018,0.078,0.061,
PACW2016q3,0.0,0.172,0.28,0.171,0.296
PACW2017q1,0.0,-0.036,-0.01,-0.061,
UHAL2017q1,0.0,-0.118,-0.121,-0.118,-0.191
UHAL2017q2,0.0,0.051,0.142,0.041,0.138
UHAL2017q3,0.0,0.037,0.016,0.035,-0.0
TGT2017q3,0.0,-0.019,-0.063,-0.016,-0.149
TGT2017q4,0.0,-0.026,-0.032,-0.008,0.003
TGT2018q1,0.0,0.001,-0.051,-0.019,
ACM2017q1,0.0,0.026,-0.026,0.049,-0.076
ACM2017q2,0.0,-0.023,0.014,-0.03,
WYN2016q3,0.0,0.075,0.18,0.027,0.259
WYN2017q1,0.0,-0.041,-0.003,-0.045,
EOG2016q3,0.0,0.003,0.127,0.006,0.105
EOG2017q1,0.0,0.015,-0.039,0.033,
COH2017q1,0.0,0.056,0.07,0.035,0.023
COH2017q2,0.0,0.031,0.057,0.018,0.217
COH2017q3,0.0,0.004,0.024,-0.026,
RL2017q1,0.0,-0.015,-0.073,-0.001,-0.085
RL2017q2,0.0,0.059,0.026,0.069,-0.281
RL2017q3,0.0,0.009,0.03,0.006,0.084
HR2016q3,0.0,-0.04,-0.029,-0.048,0.007
HR2017q1,0.0,0.031,0.092,0.016,
TMO2016q3,0.0,-0.005,-0.032,0.032,0.041
TMO2017q1,0.0,0.003,0.031,0.003,
VAC2016q3,0.0,-0.006,0.164,0.049,0.291
VAC2017q1,0.0,-0.088,-0.005,-0.062,
ABM2017q1,0.0,0.019,-0.01,0.042,0.015
ABM2017q2,0.0,-0.056,-0.061,-0.064,
KFY2017q1,0.0,-0.062,-0.067,-0.046,0.2
KFY2017q2,0.0,-0.041,-0.075,-0.052,-0.004
KFY2017q3,0.0,-0.0,-0.022,0.048,0.049
BIO2016q3,0.0,0.039,0.071,0.031,0.148
BIO2017q1,0.0,-0.017,0.028,0.001,
PSB2016q3,0.0,-0.012,0.015,-0.025,0.11
PSB2017q1,0.0,-0.002,0.026,0.004,
LEN2017q1,0.0,0.002,-0.017,0.017,0.04
LEN2017q2,0.0,0.024,,0.003,
K2016q3,0.0,-0.021,-0.024,-0.032,-0.014
K2017q1,0.0,-0.019,0.013,-0.023,
FICO2016q4,0.0,0.028,0.079,0.01,0.09
FICO2017q1,0.0,0.042,0.068,0.0,0.114
FICO2017q2,0.0,0.017,0.0,0.03,
ZTS2016q3,0.0,0.005,0.003,0.044,0.125
ZTS2017q1,0.0,0.018,0.062,0.014,
LNC2016q3,0.0,0.219,0.268,0.149,0.32
LNC2017q1,0.0,-0.04,-0.023,0.008,
CLGX2016q3,0.0,0.001,-0.053,0.006,-0.146
CLGX2017q1,0.0,-0.018,-0.001,-0.009,
ETN2016q3,0.0,0.095,0.125,0.048,0.171
ETN2017q1,0.0,0.01,0.021,0.003,
INGR2016q3,0.0,-0.072,-0.082,-0.073,-0.004
INGR2017q1,0.0,-0.042,-0.046,-0.022,
CINF2016q3,0.0,-0.031,0.058,-0.031,-0.015
CINF2017q1,0.0,-0.037,-0.027,-0.01,
PNR2016q3,0.0,0.0,0.034,-0.018,0.052
PNR2017q1,0.0,0.047,0.029,0.001,
HPQ2016q4,0.0,-0.037,-0.048,-0.024,0.135
HPQ2017q1,0.0,0.027,0.04,0.01,0.102
HPQ2017q2,0.0,-0.082,-0.071,-0.035,
BLKB2016q3,0.0,0.111,0.033,0.124,0.117
BLKB2017q1,0.0,0.012,0.093,0.006,
WY2016q3,0.0,-0.043,0.067,-0.045,0.038
WY2017q1,0.0,-0.03,-0.025,-0.009,
GD2016q2,0.0,0.033,0.034,0.008,0.046
GD2016q3,0.0,0.072,0.139,-0.01,0.178
GD2016q4,0.0,0.033,0.036,0.019,0.065
GD2017q1,0.0,-0.002,0.038,-0.003,
XEC2016q3,0.0,0.036,0.145,0.032,0.113
XEC2017q1,0.0,-0.054,-0.168,-0.032,
CIEN2017q1,0.0,-0.009,-0.084,-0.01,0.108
CIEN2017q2,0.0,-0.041,-0.038,-0.044,
GE2016q3,0.0,0.058,0.073,0.037,0.005
GE2017q1,0.0,-0.04,-0.046,-0.033,
MKC2017q1,0.0,0.017,0.021,-0.0,0.025
MKC2017q2,0.0,-0.021,,-0.013,
MPWR2016q3,0.0,0.068,0.003,0.018,0.144
MPWR2017q1,0.0,0.018,0.079,0.014,
MDCO2016q3,0.0,0.032,0.097,-0.09,0.026
MDCO2017q1,0.0,-0.103,-0.153,0.0,
DRI2017q1,0.0,0.029,0.037,0.02,0.171
DRI2017q2,0.0,0.023,0.004,0.019,0.174
DRI2017q3,0.0,-0.008,0.047,-0.006,0.095
DRI2017q4,0.0,-0.03,,-0.015,
CMC2017q1,0.0,-0.022,0.023,-0.015,-0.073
CMC2017q2,0.0,0.0,-0.004,0.013,-0.001
CMC2017q3,0.0,0.016,,0.039,
MD2016q3,0.0,0.012,0.081,-0.001,0.14
MD2016q4,0.0,0.047,0.029,0.03,-0.2
MD2017q1,0.0,-0.011,-0.011,-0.013,
DD2016q3,0.0,-0.005,0.015,-0.017,0.055
DD2016q4,0.0,0.026,0.05,0.003,0.055
DD2017q1,0.0,-0.033,-0.054,-0.027,
FNGN2016q3,0.0,0.322,0.336,0.193,0.491
FNGN2017q1,0.0,-0.058,-0.064,-0.039,
EPAM2016q3,0.0,0.11,0.039,0.033,0.082
EPAM2017q1,0.0,0.025,0.033,0.007,
NEM2016q3,0.0,0.024,-0.118,0.028,-0.002
NEM2017q1,0.0,-0.031,-0.001,-0.031,
MDT2017q1,0.0,0.011,0.003,-0.017,-0.159
MDT2017q2,0.0,0.02,0.0,0.028,0.149
MDT2017q3,0.0,0.005,-0.011,0.014,0.042
WPX2016q3,0.0,0.072,0.287,0.029,0.179
WPX2017q1,0.0,0.103,-0.004,0.103,
ERIE2016q3,0.0,0.027,0.07,-0.005,0.112
ERIE2017q1,0.0,-0.079,-0.055,-0.061,
AAPL2016q4,0.0,-0.036,-0.028,-0.035,0.043
AAPL2017q1,0.0,0.057,0.09,0.026,0.151
AAPL2017q2,0.0,0.026,0.061,0.042,
ABT2016q3,0.0,0.052,-0.013,0.058,0.095
ABT2017q1,0.0,-0.015,0.064,0.018,
FMC2016q3,0.0,0.056,0.11,0.062,0.185
FMC2017q1,0.0,0.034,0.073,0.039,
PSX2016q3,0.0,0.026,0.067,-0.019,0.059
PSX2017q1,0.0,-0.005,-0.029,0.006,
LANC2017q1,0.0,0.029,0.037,-0.003,-0.006
LANC2017q2,0.0,0.022,-0.017,0.005,-0.063
LANC2017q3,0.0,-0.011,0.036,-0.011,
UA2016q3,0.0,-0.001,-0.023,0.022,-0.242
UA2017q1,0.0,-0.089,-0.011,-0.093,
ALEX2016q3,0.0,0.041,0.069,-0.029,0.095
ALEX2017q1,0.0,-0.019,-0.018,-0.018,
SYK2016q3,0.0,-0.034,-0.013,0.025,0.067
SYK2016q4,0.0,0.043,0.054,0.02,0.097
SYK2017q1,0.0,-0.004,0.044,-0.003,
MASI2016q3,0.0,0.134,0.128,0.123,0.354
MASI2017q1,0.0,-0.043,0.02,-0.041,
WTR2016q3,0.0,-0.004,0.005,-0.018,0.028
WTR2017q1,0.0,-0.006,0.053,-0.002,
ANAT2016q3,0.0,0.079,0.094,0.063,0.043
ANAT2017q1,0.0,-0.013,-0.004,-0.011,
GOOGL2016q3,0.0,0.005,-0.023,-0.002,0.049
GOOGL2016q4,0.0,0.032,0.035,0.018,0.143
GOOGL2017q1,0.0,0.029,0.055,0.021,
ICPT2016q3,0.0,0.011,-0.062,-0.025,0.005
ICPT2017q1,0.0,0.014,0.006,-0.014,
NGHC2016q3,0.0,0.113,0.179,0.125,0.197
NGHC2017q1,0.0,-0.012,-0.001,-0.003,
AEIS2016q3,0.0,0.08,0.157,0.036,0.245
AEIS2017q1,0.0,0.061,0.039,0.009,
ACN2017q1,0.0,-0.01,-0.024,-0.011,0.057
ACN2017q2,0.0,-0.033,-0.002,-0.002,0.059
ACN2017q3,0.0,0.007,,0.007,
MCD2016q2,0.0,-0.01,-0.013,0.009,-0.044
MCD2016q3,0.0,0.081,0.073,0.029,0.112
MCD2017q1,0.0,0.027,0.06,0.014,
WBMD2016q3,0.0,-0.005,-0.02,-0.009,-0.064
WBMD2017q1,0.0,0.017,0.062,-0.002,
DVN2016q2,0.0,0.14,0.165,0.041,-0.007
DVN2016q3,0.0,0.112,0.21,0.103,0.153
DVN2017q1,0.0,-0.021,-0.132,0.01,
VLO2016q3,0.0,0.133,0.187,0.086,0.13
VLO2017q1,0.0,-0.024,-0.048,0.002,
SBH2017q1,0.0,0.044,0.005,0.09,-0.1
SBH2017q2,0.0,-0.072,-0.094,0.025,
WSM2017q3,0.0,-0.044,-0.131,-0.025,-0.146
WSM2018q1,0.0,-0.01,0.001,0.001,
EFX2016q3,0.0,-0.056,-0.023,-0.002,-0.032
EFX2017q1,0.0,-0.004,0.005,0.005,
SWX2016q3,0.0,0.041,0.039,0.003,0.122
SWX2017q1,0.0,-0.035,-0.029,-0.024,
ROLL2017q1,0.0,-0.01,0.019,-0.009,-0.111
ROLL2017q2,0.0,0.148,0.188,0.119,0.32
ROLL2017q3,0.0,0.016,-0.014,0.031,0.11
NWS2017q1,0.0,-0.008,0.008,0.021,0.037
NWS2017q2,0.0,-0.015,-0.059,-0.007,-0.007
NWS2017q3,0.0,0.046,0.08,0.0,
HUN2016q3,0.0,0.046,0.095,-0.036,0.197
HUN2017q1,0.0,0.028,-0.017,-0.027,
CIT2016q3,0.0,0.09,0.142,0.073,0.099
CIT2017q1,0.0,0.011,-0.049,0.011,
MO2016q3,0.0,-0.042,0.001,0.01,0.108
MO2017q1,0.0,0.002,0.065,-0.008,
ALGT2016q3,0.0,0.169,0.19,0.056,0.281
ALGT2017q1,0.0,-0.016,-0.059,-0.001,
MBFI2016q3,0.0,0.139,0.217,0.095,0.145
MBFI2017q1,0.0,-0.041,-0.024,-0.008,
HPE2016q4,0.0,-0.016,-0.033,0.001,-0.06
HPE2017q1,0.0,0.018,-0.184,0.01,-0.24
HPE2017q2,0.0,-0.018,-0.022,-0.027,
PWR2016q2,0.0,0.055,0.056,0.03,0.14
PWR2016q3,0.0,0.111,0.21,0.139,0.265
PWR2017q1,0.0,-0.081,-0.078,-0.078,
PRI2016q3,0.0,0.183,0.159,0.126,0.26
PRI2017q1,0.0,-0.087,-0.057,-0.009,
UBSI2016q3,0.0,0.144,0.223,0.104,0.085
UBSI2017q1,0.0,-0.021,-0.019,-0.027,
FL2017q3,0.0,-0.044,-0.099,-0.028,-0.032
FL2018q1,0.0,-0.086,-0.091,0.0,
MON2017q1,0.0,0.004,0.007,-0.005,0.061
MON2017q2,0.0,-0.002,0.002,-0.002,0.021
MON2017q3,0.0,0.003,,0.001,
SBUX2017q1,0.0,0.029,0.039,0.005,0.095
SBUX2017q2,0.0,-0.004,0.058,0.012,
GME2017q3,0.0,0.049,0.004,0.06,0.001
GME2018q1,0.0,-0.058,-0.036,0.004,
MAT2016q3,0.0,-0.024,0.043,-0.045,0.004
MAT2017q1,0.0,-0.007,0.015,-0.035,
LVS2016q3,0.0,0.026,0.032,-0.018,-0.098
LVS2017q1,0.0,-0.034,0.065,-0.002,
CMCSA2016q3,0.0,0.014,0.105,-0.017,0.181
CMCSA2016q4,0.0,0.001,-0.011,-0.001,0.05
CMCSA2017q1,0.0,-0.008,0.033,-0.033,
INFO2017q2,0.0,-0.036,-0.026
RTN2016q3,0.0,0.084,0.09,-0.016,0.091
RTN2017q1,0.0,0.017,0.045,0.01,
TTC2017q1,0.0,0.004,0.026,0.012,0.138
TTC2017q2,0.0,0.03,0.011,0.031,
ROIC2016q3,0.0,-0.051,0.011,-0.063,0.032
ROIC2017q1,0.0,-0.049,-0.045,-0.013,
ISBC2016q3,0.0,0.084,0.106,0.057,0.111
ISBC2017q1,0.0,-0.046,0.007,-0.043,
MUR2016q3,0.0,0.176,0.28,0.092,0.129
MUR2017q1,0.0,0.034,-0.04,0.074,
PCTY2017q1,0.0,-0.024,-0.117,-0.071,-0.144
PCTY2017q2,0.0,0.037,0.047,0.02,0.145
PCTY2017q3,0.0,-0.008,0.102,0.008,
NYCB2016q3,0.0,0.076,0.151,0.038,0.011
NYCB2017q1,0.0,-0.01,0.042,-0.024,
NHI2016q3,0.0,-0.039,-0.002,-0.028,0.032
NHI2017q1,0.0,0.055,0.047,0.038,
THO2017q1,0.0,0.146,0.118,0.143,0.236
THO2017q2,0.0,-0.154,-0.211,-0.157,-0.186
THO2017q3,0.0,0.125,0.111,0.097,
VMW0q1,0.0,0.038,0.006,0.005,
VMW2016q3,0.0,0.032,0.042,-0.027,0.142
ALR2016q3,0.0,0.079,0.106,-0.032,0.025
KEX2016q3,0.0,0.044,0.094,0.083,0.078
KEX2017q1,0.0,-0.046,-0.035,-0.039,
MKSI2016q3,0.0,0.146,0.195,0.118,0.338
MKSI2017q1,0.0,0.005,0.1,0.031,
TSN2017q1,0.0,0.034,0.011,0.034,0.005
TSN2017q2,0.0,-0.017,0.021,-0.024,
BG2016q3,0.0,-0.013,0.011,-0.005,0.012
BG2017q1,0.0,0.038,0.205,0.044,
ULTI2016q3,0.0,0.015,-0.066,-0.034,-0.046
ULTI2017q1,0.0,0.021,0.039,0.007,
EMR2017q1,0.0,-0.002,-0.039,0.029,-0.05
EMR2017q2,0.0,0.013,0.028,0.008,
WOOF2017q1,0.0,-0.0,0.005,-0.0
EQT2016q3,0.0,-0.009,0.057,-0.04,-0.036
EQT2016q4,0.0,-0.046,-0.104,-0.023,-0.115
EQT2017q1,0.0,-0.044,-0.045,-0.053,
KAR2016q3,0.0,0.032,0.07,0.011,0.179
KAR2017q1,0.0,0.027,0.031,0.008,
AFL2016q3,0.0,0.064,0.002,0.059,0.027
AFL2017q1,0.0,-0.015,0.022,-0.004,
WST2016q3,0.0,0.016,0.067,0.018,0.103
WST2017q1,0.0,-0.013,0.025,-0.022,
SCL2016q3,0.0,0.104,0.14,-0.011,0.135
SCL2017q1,0.0,-0.019,0.007,-0.012,
ITT2016q3,0.0,0.165,0.24,0.162,0.232
ITT2017q1,0.0,-0.071,-0.088,-0.024,
SEM2016q3,0.0,0.042,0.008,-0.021,0.042
SEM2017q1,0.0,-0.022,0.033,0.029,
MSFT2017q1,0.0,0.034,0.061,0.05,0.099
MSFT2017q2,0.0,-0.003,0.012,-0.017,0.063
MSFT2017q3,0.0,0.003,0.031,0.008,
DST2016q3,0.0,0.087,0.085,0.056,0.217
DST2017q1,0.0,-0.047,-0.024,-0.038,
PHM2016q3,0.0,-0.062,-0.019,-0.053,0.003
PHM2016q4,0.0,0.02,0.06,0.003,0.056
PHM2017q1,0.0,0.023,0.031,0.005,
QEP2016q3,0.0,-0.023,0.051,-0.07,0.053
QEP2017q1,0.0,0.0,,0.0,
SUN2016q3,0.0,-0.209,-0.095,-0.091,0.096
SUN2017q1,0.0,0.04,0.051,0.061,
CDNS2016q3,0.0,-0.012,0.029,-0.006,0.008
CDNS2016q4,0.0,0.06,0.063,0.023,0.118
CDNS2017q1,0.0,0.034,0.089,0.027,
AF2016q3,0.0,0.065,0.168,0.026,0.218
AF2017q1,0.0,-0.084,-0.063,-0.042,
MAN2016q3,0.0,0.105,0.122,0.081,0.248
MAN2017q1,0.0,-0.017,0.015,-0.012,
AWI2016q3,0.0,0.071,0.112,-0.011,0.043
AWI2017q1,0.0,-0.03,-0.116,-0.04,
NOW2016q3,0.0,0.031,-0.08,-0.007,0.089
NOW2017q1,0.0,0.013,0.094,-0.012,
ALE2016q3,0.0,0.043,0.055,0.023,0.118
ALE2017q1,0.0,0.007,0.079,0.01,
BR2017q1,0.0,0.06,0.058,0.01,0.108
BR2017q2,0.0,0.01,0.01,-0.0,0.007
BR2017q3,0.0,0.058,0.049,0.025,
CFFN2017q1,0.0,0.013,-0.03,0.008,-0.041
CFFN2017q2,0.0,-0.04,0.016,-0.044,
IRWD2016q3,0.0,0.157,0.036,0.176,0.087
IRWD2017q1,0.0,0.144,0.13,0.155,
SLM2016q3,0.0,-0.028,0.311,-0.004,0.516
SLM2017q1,0.0,0.102,,0.102,
ARI2016q3,0.0,0.027,0.027,0.013,0.075
ARI2017q1,0.0,-0.043,-0.027,-0.038,
MOH2016q3,0.0,-0.127,-0.088,-0.081,-0.019
MOH2017q1,0.0,0.032,0.02,0.025,
MGM2016q3,0.0,0.005,0.034,-0.022,0.008
MGM2017q1,0.0,0.011,0.062,0.04,
RLJ2016q3,0.0,0.135,0.176,0.095,0.229
RLJ2017q1,0.0,0.003,0.038,-0.042,
PENN2016q3,0.0,0.142,0.103,0.106,0.137
PENN2017q1,0.0,-0.003,0.023,0.016,
CTXS2016q3,0.0,0.043,0.028,0.028,0.095
CTXS2017q1,0.0,-0.049,-0.045,-0.01,
CHDN2016q3,0.0,0.017,0.139,-0.025,0.06
CHDN2017q1,0.0,-0.012,-0.019,-0.017,
NEU2016q3,0.0,0.029,0.027,-0.023,0.099
NEU2017q1,0.0,-0.036,-0.006,-0.022,
TPH2016q3,0.0,0.014,0.071,-0.05,0.132
TPH2017q1,0.0,-0.009,-0.012,-0.044,
BLK2016q3,0.0,0.055,0.111,0.053,0.074
BLK2017q1,0.0,0.041,0.098,0.028,
SATS2016q3,0.0,0.075,0.139,0.071,0.183
SATS2017q1,0.0,0.028,0.07,-0.008,
SBAC2016q3,0.0,-0.03,-0.048,-0.042,0.012
SBAC2017q1,0.0,0.018,0.034,-0.008,
UMBF2016q3,0.0,0.166,0.252,-0.01,0.236
UMBF2017q1,0.0,-0.0,-0.017,0.005,
ACXM2017q1,0.0,0.014,0.051,0.003,-0.062
ACXM2017q2,0.0,0.051,0.057,0.041,0.093
ACXM2017q3,0.0,0.017,-0.003,-0.006,0.01
CAT2016q3,0.0,0.151,0.173,0.124,0.189
CAT2017q1,0.0,-0.014,0.043,-0.012,
ADBE2017q1,0.0,-0.002,0.032,0.002,0.1
ADBE2017q2,0.0,-0.003,,-0.018,
PZZA2016q3,0.0,0.155,0.171,0.075,0.136
PZZA2017q1,0.0,0.013,0.021,0.006,
WAGE2016q3,0.0,0.109,0.09,0.083,0.077
WAGE2017q1,0.0,-0.06,-0.007,-0.046,
WDC2017q1,0.0,0.069,0.192,0.043,0.389
WDC2017q2,0.0,-0.052,-0.061,-0.033,0.144
WDC2017q3,0.0,-0.021,0.0,-0.01,
SCCO2016q2,0.0,0.033,0.018,0.022,0.096
SCCO2016q3,0.0,0.144,0.21,0.124,0.315
SCCO2017q1,0.0,0.045,0.044,0.032,
LUV2016q2,0.0,-0.006,-0.029,-0.028,0.123
LUV2016q3,0.0,0.132,0.164,0.038,0.319
LUV2016q4,0.0,0.091,0.064,0.043,0.086
LUV2017q1,0.0,-0.019,0.038,0.004,
SJI2016q3,0.0,0.077,0.114,0.028,0.121
SJI2017q1,0.0,-0.005,0.039,-0.02,
HRB2017q1,0.0,0.048,0.084,0.028,0.048
HRB2017q2,0.0,0.022,0.053,0.013,-0.086
HRB2017q3,0.0,-0.016,-0.013,0.03,0.111
WAT2016q3,0.0,-0.021,-0.024,0.029,0.026
WAT2017q1,0.0,0.009,0.057,-0.009,
POWI2016q3,0.0,0.041,0.01,0.023,0.121
POWI2016q4,0.0,-0.022,-0.048,-0.026,-0.031
POWI2017q1,0.0,0.028,0.075,0.047,
PCG2016q3,0.0,-0.024,-0.026,-0.023,0.043
PCG2017q1,0.0,-0.019,0.031,-0.0,
LPLA2016q3,0.0,0.294,0.326,0.205,0.272
LPLA2017q1,0.0,0.002,-0.069,0.005,
HSIC2016q3,0.0,0.02,-0.042,0.009,0.024
HSIC2017q1,0.0,0.026,0.038,-0.003,
JBT2016q3,0.0,0.074,0.161,-0.032,0.089
JBT2017q1,0.0,0.006,-0.024,0.032,
VAR2017q1,0.0,0.065,0.114,0.028,0.218
VAR2017q2,0.0,-0.001,0.075,-0.001,
FUL2017q1,0.0,-0.035,0.028,-0.017,0.013
FUL2017q2,0.0,-0.006,,0.015,
MGEE2016q3,0.0,0.108,0.053,0.036,0.13
MGEE2017q1,0.0,-0.023,0.04,-0.008,
COP2016q3,0.0,0.04,0.107,0.018,0.09
COP2017q1,0.0,0.017,-0.031,0.038,
CMG2016q3,0.0,0.004,0.115,0.004,0.135
CMG2016q4,0.0,0.085,0.03,0.052,0.182
CMG2017q1,0.0,0.007,-0.006,-0.006,
WHR2016q3,0.0,0.038,0.094,-0.01,0.228
WHR2016q4,0.0,0.027,0.019,0.01,0.058
WHR2017q1,0.0,0.019,0.002,0.036,
NTRS2016q3,0.0,0.08,0.15,0.008,0.174
NTRS2017q1,0.0,0.011,-0.003,0.013,
CBM2016q3,0.0,0.148,0.162,0.196,0.202
CBM2016q4,0.0,-0.067,-0.056,-0.099,-0.027
CBM2017q1,0.0,-0.081,-0.003,-0.065,
MU2017q1,0.0,-0.017,0.101,-0.007,0.28
MU2017q2,0.0,-0.053,-0.037,-0.003,0.133
MU2017q3,0.0,0.021,,0.011,
DCI2017q1,0.0,-0.02,-0.043,0.002,0.028
DCI2017q2,0.0,0.004,0.013,0.017,0.015
DCI2017q3,0.0,0.004,0.015,0.039,
MS2016q3,0.0,0.19,0.271,0.109,0.297
MS2017q1,0.0,-0.046,-0.018,-0.009,
ODP2016q3,0.0,0.274,0.386,0.1,0.274
ODP2017q1,0.0,-0.043,0.016,-0.013,
OC2016q3,0.0,-0.025,0.073,-0.062,0.112
OC2016q4,0.0,0.068,0.129,0.054,0.148
OC2017q1,0.0,0.025,0.013,-0.017,
SHW2016q3,0.0,0.034,0.107,-0.027,0.13
SHW2017q1,0.0,0.042,0.027,0.031,
LNCE2016q3,0.0,0.039,0.064,0.033,0.06
LNCE2017q1,0.0,0.039,0.039,0.032,
ACC2016q2,0.0,0.008,-0.031,0.025,-0.02
ACC2016q3,0.0,-0.07,-0.047,-0.04,0.002
ACC2017q1,0.0,0.016,0.029,-0.023,
EMN2016q3,0.0,0.041,0.047,0.055,0.095
EMN2017q1,0.0,-0.013,0.019,-0.026,
MPC2016q3,0.0,0.008,0.088,-0.023,0.135
MPC2017q1,0.0,0.049,0.03,0.009,
CACC2016q3,0.0,0.06,0.032,-0.111,0.115
CACC2016q4,0.0,0.004,-0.013,-0.04,0.088
CACC2017q1,0.0,0.045,0.04,0.04,
DEI2016q3,0.0,0.005,0.035,-0.042,0.073
DEI2017q1,0.0,-0.011,0.002,-0.002,
ICE2016q3,0.0,0.055,0.071,0.038,0.104
ICE2016q4,0.0,-0.033,0.002,-0.021,-0.011
ICE2017q1,0.0,-0.037,-0.0,-0.022,
DLR2016q3,0.0,-0.017,0.03,-0.023,0.185
DLR2017q1,0.0,0.024,-0.01,0.007,
UBNT2017q1,0.0,0.072,0.076,0.021,0.199
UBNT2017q2,0.0,-0.237,-0.223,-0.232,-0.27
UBNT2017q3,0.0,-0.036,-0.027,-0.068,
CSX2016q3,0.0,0.006,0.145,0.028,0.245
CSX2017q1,0.0,0.044,0.017,0.034,
NFG2017q1,0.0,0.027,0.039,0.021,-0.051
NFG2017q2,0.0,0.023,0.014,0.029,
LBTYA2016q3,0.0,0.047,-0.056,-0.017,0.161
LBTYA2017q1,0.0,-0.024,-0.049,-0.05,
ADM2016q3,0.0,-0.063,-0.046,0.021,-0.049
ADM2017q1,0.0,0.013,0.011,0.017,
MTG2016q3,0.0,0.084,0.139,0.055,0.327
MTG2017q1,0.0,0.01,0.029,0.022,
CSOD2016q3,0.0,-0.029,-0.129,-0.141,0.034
CSOD2017q1,0.0,-0.061,0.006,-0.039,
GNRC2016q3,0.0,0.112,0.107,0.076,0.083
GNRC2017q1,0.0,-0.024,-0.004,-0.026,
FRT2016q3,0.0,-0.017,-0.016,-0.011,0.006
FRT2016q4,0.0,-0.004,-0.105,-0.016,-0.08
FRT2017q1,0.0,-0.071,-0.067,-0.002,
ALLE2016q3,0.0,0.1,0.081,0.007,0.059
ALLE2017q1,0.0,-0.041,-0.015,-0.041,
TDS2016q3,0.0,0.03,0.092,0.017,0.217
TDS2017q1,0.0,-0.009,0.06,-0.01,
KSS2017q3,0.0,-0.065,-0.098,0.051,-0.221
KSS2018q1,0.0,-0.027,0.006,-0.014,
DNKN2016q3,0.0,0.06,0.153,0.046,0.102
DNKN2017q1,0.0,0.017,0.028,-0.001,
MAR2016q3,0.0,0.058,0.132,0.047,0.163
MAR2017q1,0.0,0.032,0.028,0.015,
APAM2016q3,0.0,0.101,0.188,-0.054,0.135
APAM2017q1,0.0,-0.035,0.032,0.015,
OGE2016q3,0.0,0.026,0.083,0.018,0.133
OGE2017q1,0.0,-0.012,0.043,-0.015,
CRI2016q3,0.0,-0.007,0.049,-0.038,-0.033
CRI2017q1,0.0,-0.044,-0.118,-0.026,
ORI2016q3,0.0,0.07,0.069,0.049,0.26
ORI2017q1,0.0,0.007,0.005,-0.006,
AFG2016q3,0.0,0.093,0.121,0.08,0.179
AFG2017q1,0.0,0.008,0.035,0.005,
PNRA2016q3,0.0,0.029,0.136,0.008,0.117
PNRA2017q1,0.0,-0.002,0.001,-0.001,
FCNCA2016q3,0.0,0.171,0.225,0.004,0.279
FCNCA2017q1,0.0,-0.055,-0.041,-0.034,
GEO2016q3,0.0,0.344,0.425,0.307,0.746
GEO2017q1,0.0,0.005,0.003,0.041,
XRX2016q2,0.0,-0.014,0.005,0.006,-0.027
XRX2016q3,0.0,0.025,0.016,0.025,-0.253
XRX2017q1,0.0,-0.011,0.017,0.02,
KMT2017q1,0.0,0.152,0.165,0.181,0.299
KMT2017q2,0.0,0.051,0.018,0.062,0.069
KMT2017q3,0.0,-0.001,0.044,-0.016,
LFUS2016q3,0.0,0.111,0.077,0.098,0.163
LFUS2017q1,0.0,-0.044,0.011,-0.001,
CRL2016q3,0.0,0.031,0.025,0.075,0.152
CRL2016q4,0.0,-0.022,0.005,-0.006,0.008
CRL2017q1,0.0,0.016,0.044,-0.019,
PII2016q3,0.0,0.192,0.191,0.011,0.159
PII2017q1,0.0,0.068,-0.019,-0.034,
CXO2016q3,0.0,0.043,0.073,-0.009,0.017
CXO2017q1,0.0,0.024,-0.021,0.042,
TXT2016q3,0.0,0.114,0.161,-0.014,0.248
TXT2017q1,0.0,-0.006,0.021,-0.02,
BDC2016q3,0.0,0.143,0.229,0.122,0.223
BDC2017q1,0.0,-0.088,0.006,-0.036,
QRVO2017q1,0.0,0.021,0.046,-0.008,0.017
QRVO2017q2,0.0,0.089,0.093,0.045,0.267
QRVO2017q3,0.0,0.06,0.045,0.046,0.079
MAC2016q3,0.0,0.048,0.025,0.019,0.034
MAC2017q1,0.0,-0.088,-0.102,-0.06,
VNTV2016q3,0.0,-0.014,-0.012,-0.027,0.054
VNTV2016q4,0.0,0.016,-0.004,0.007,0.003
VNTV2017q1,0.0,0.004,-0.019,-0.025,
CVX2016q3,0.0,0.036,0.083,0.023,0.067
CVX2017q1,0.0,0.014,-0.006,0.013,
JNPR2016q3,0.0,0.033,0.129,0.024,0.074
JNPR2017q1,0.0,-0.028,-0.039,0.004,
PEGI2016q3,0.0,-0.081,-0.074,-0.07,-0.023
PEGI2017q1,0.0,0.041,0.073,0.037,
NKTR2016q3,0.0,0.133,0.006,0.172,-0.015
NKTR2017q1,0.0,0.112,0.003,-0.004,
SWN2016q3,0.0,-0.255,-0.167,-0.141,-0.235
SWN2017q1,0.0,0.0,,0.0,
AMT2016q3,0.0,-0.084,-0.07,-0.018,-0.089
AMT2017q1,0.0,0.004,0.042,0.013,
LNG2016q3,0.0,0.034,0.127,0.021,0.301
LNG2017q1,0.0,0.085,0.085,0.051,
SFBS2016q3,0.0,0.185,0.388,0.006,0.415
SFBS2017q1,0.0,-0.018,-0.073,-0.007,
ARCC2016q3,0.0,0.019,0.056,0.012,0.135
ARCC2017q1,0.0,-0.022,0.002,-0.023,
KRC2016q3,0.0,-0.009,0.04,-0.019,0.114
KRC2017q1,0.0,0.006,0.035,0.014,
CMP2016q3,0.0,0.024,0.118,0.011,0.147
CMP2017q1,0.0,0.023,0.01,0.04,
SYF2016q3,0.0,0.097,0.205,-0.023,0.252
SYF2017q1,0.0,-0.025,-0.035,0.02,
TDG2017q1,0.0,0.032,-0.065,0.014,-0.02
TDG2017q2,0.0,0.084,0.102,-0.009,
CPB2017q1,0.0,0.026,0.035,0.007,0.013
CPB2017q2,0.0,-0.024,-0.044,-0.003,-0.019
CPB2017q3,0.0,-0.048,-0.09,0.005,
CRM2017q2,0.0,-0.025,-0.06,-0.014,-0.039
CRM2017q3,0.0,-0.07,-0.079,-0.042,0.07
CRM2017q4,0.0,0.005,0.034,0.013,0.101
CRM2018q1,0.0,0.022,-0.033,0.021,
EIX2016q3,0.0,-0.042,-0.054,-0.003,-0.0
EIX2017q1,0.0,-0.007,0.029,0.005,
DDD2016q3,0.0,0.045,0.004,0.043,0.223
DDD2017q1,0.0,0.329,0.246,0.238,
RS2016q3,0.0,0.144,0.186,0.003,0.194
RS2017q1,0.0,-0.047,-0.006,-0.023,
WTW2016q3,0.0,-0.002,-0.048,0.06,0.093
WTW2017q1,0.0,0.139,0.137,-0.003,
NAVI2016q3,0.0,0.307,0.286,0.297,0.153
NAVI2017q1,0.0,-0.077,-0.068,-0.024,
Q2016q3,0.0,0.101,0.025,0.085,0.087
Q2017q1,0.0,-0.001,0.047,-0.0,
AAN2016q3,0.0,0.154,0.185,0.06,0.248
AAN2017q1,0.0,-0.06,0.049,-0.028,
PF2016q3,0.0,-0.079,-0.004,0.008,0.064
PF2017q1,0.0,-0.005,0.054,-0.006,
SLG2016q3,0.0,0.06,0.112,0.046,0.088
SLG2017q1,0.0,-0.031,-0.021,-0.027,
ORA2016q3,0.0,0.025,0.067,-0.019,0.149
ORA2017q1,0.0,0.006,0.048,-0.016,
ORA2016q3,0.0,0.025,0.067,-0.019,0.149
ORA2017q1,0.0,0.006,0.048,-0.016,
CMI2016q3,0.0,0.127,0.175,0.07,0.211
CMI2016q4,0.0,-0.012,-0.002,0.0,0.039
CMI2017q1,0.0,-0.02,0.007,-0.018,
SF2016q3,0.0,0.227,0.262,0.177,0.313
SF2017q1,0.0,-0.063,-0.103,-0.03,
DATA2016q3,0.0,0.04,-0.008,0.061,0.07
DATA2017q1,0.0,0.006,0.031,0.031,
RLGY2016q3,0.0,0.06,0.038,-0.022,0.123
RLGY2017q1,0.0,-0.003,0.036,0.029,
CTSH2016q3,0.0,0.006,0.043,-0.015,-0.041
CTSH2017q1,0.0,0.037,0.07,0.019,
PSMT2017q1,0.0,0.005,0.074,0.007,0.114
PSMT2017q2,0.0,-0.053,-0.052,-0.075,-0.057
PSMT2017q3,0.0,-0.081,,-0.081,
SIR2016q3,0.0,-0.042,-0.029,-0.063,0.015
SIR2017q1,0.0,-0.043,-0.02,0.002,
BTU2017q1,0.0,-0.031,-0.013,-0.052
STT2016q3,0.0,0.116,0.115,0.091,0.088
STT2017q1,0.0,-0.046,-0.012,-0.011,
CACQ2016q3,0.0,-0.009,0.092,0.031,0.289
CACQ2017q1,0.0,-0.011,0.028,-0.042,
LII2016q3,0.0,-0.06,-0.029,-0.035,-0.035
LII2017q1,0.0,-0.008,0.043,-0.011,
MTD2016q3,0.0,-0.013,-0.023,0.004,0.015
MTD2016q4,0.0,0.075,0.111,0.073,0.191
MTD2017q1,0.0,0.037,0.097,0.022,
GIS2017q1,0.0,-0.037,-0.063,-0.018,-0.051
GIS2017q2,0.0,0.01,0.011,0.012,-0.012
GIS2017q3,0.0,-0.023,-0.023,-0.013,-0.036
GIS2017q4,0.0,-0.02,,-0.012,
SNA2016q3,0.0,-0.04,0.059,-0.034,0.101
SNA2016q4,0.0,0.018,0.011,0.027,0.016
SNA2017q1,0.0,-0.019,-0.039,-0.016,
WR2016q3,0.0,-0.003,-0.005,0.0,-0.037
WR2017q1,0.0,-0.01,0.025,-0.013,
SBGI2016q3,0.0,0.212,0.326,0.191,0.297
SBGI2017q1,0.0,0.003,0.008,-0.048,
HE2016q3,0.0,0.043,0.102,0.022,0.175
HE2017q1,0.0,-0.036,0.01,-0.031,
MNST2016q3,0.0,-0.039,-0.02,-0.099,-0.06
MNST2017q1,0.0,-0.003,0.049,-0.021,
SYNA2017q1,0.0,0.021,-0.018,-0.035,0.058
SYNA2017q2,0.0,0.011,-0.073,0.006,-0.048
SYNA2017q3,0.0,0.02,0.075,0.069,
MDLZ2016q3,0.0,-0.007,-0.023,-0.007,0.018
MDLZ2017q1,0.0,-0.004,0.048,-0.017,
BK2016q3,0.0,0.077,0.121,0.092,0.045
BK2017q1,0.0,-0.018,0.005,-0.012,
ELS2016q3,0.0,-0.063,-0.052,-0.004,0.039
ELS2017q1,0.0,0.022,0.07,0.024,
CTAS2017q1,0.0,-0.024,0.001,-0.008,0.07
CTAS2017q2,0.0,-0.024,-0.005,-0.018,0.07
CTAS2017q3,0.0,0.004,0.004,-0.007,0.028
MFA2016q3,0.0,0.023,0.047,-0.007,0.108
MFA2017q1,0.0,-0.007,0.018,-0.017,
JCI2017q1,0.0,0.028,0.005,0.015,0.03
JCI2017q2,0.0,0.007,0.019,0.011,
ABBV2016q3,0.0,0.026,0.018,0.069,0.041
ABBV2017q1,0.0,-0.021,0.004,-0.014,
TIVO2015q4,0.0,0.242,0.217,0.185,-0.091
TIVO2016q1,0.0,-0.022,-0.052,-0.105,0.061
TIVO2016q2,0.0,0.033,0.111,0.039,0.023
TROW2016q3,0.0,0.101,0.166,-0.002,0.165
TROW2016q4,0.0,0.054,0.047,0.034,0.06
TROW2017q1,0.0,0.028,0.001,0.026,
PRU2016q3,0.0,0.164,0.194,0.142,0.234
PRU2017q1,0.0,-0.037,-0.014,-0.023,
PBH2017q1,0.0,-0.091,-0.094,-0.107,-0.135
PBH2017q2,0.0,0.084,-0.002,0.064,0.136
PBH2017q3,0.0,0.0,0.015,-0.004,0.0
HAWK2016q3,0.0,-0.071,0.004,-0.018,0.004
HAWK2017q1,0.0,0.001,0.059,-0.001,
SPB2017q1,0.0,0.019,0.046,0.013,0.001
SPB2017q2,0.0,-0.015,0.043,-0.04,
MDP2017q1,0.0,0.058,0.18,-0.04,0.212
MDP2017q2,0.0,0.03,0.055,0.011,0.09
MDP2017q3,0.0,-0.144,-0.155,-0.131,
ECL2016q3,0.0,0.033,0.051,0.045,0.084
ECL2017q1,0.0,0.004,0.064,0.004,
PTLA2016q3,0.0,0.008,-0.028,0.01,0.57
PTLA2017q1,0.0,-0.086,-0.101,-0.022,
KW2016q3,0.0,0.051,-0.051,0.035,-0.044
KW2017q1,0.0,0.0,-0.02,0.015,
HCSG2016q3,0.0,-0.022,0.066,-0.057,0.091
HCSG2017q1,0.0,-0.005,0.031,-0.004,
LGND2017q1,0.0,-0.011,-0.009,-0.004
XRAY2016q3,0.0,-0.007,-0.061,-0.006,-0.063
XRAY2017q1,0.0,0.003,0.013,-0.019,
WDAY2017q2,0.0,-0.001,0.03,-0.02,-0.055
WDAY2017q3,0.0,-0.034,-0.074,-0.011,0.161
WDAY2018q1,0.0,-0.058,-0.071,-0.062,
AL2016q3,0.0,0.152,0.171,0.096,0.204
AL2017q1,0.0,-0.052,-0.009,-0.064,
OPK2016q3,0.0,0.073,0.123,0.067,-0.115
OPK2017q1,0.0,-0.08,-0.089,-0.051,
CHFC2016q3,0.0,0.165,0.231,0.117,0.103
CHFC2017q1,0.0,-0.043,0.023,-0.077,
AEP2016q3,0.0,-0.049,-0.054,-0.013,0.033
AEP2017q1,0.0,0.012,0.054,0.009,
ELLI2016q3,0.0,-0.186,-0.233,0.02,-0.202
ELLI2017q1,0.0,0.052,0.059,0.007,
TEX2016q3,0.0,0.266,0.328,0.05,0.413
TEX2017q1,0.0,-0.036,0.014,0.008,
RDN2016q3,0.0,0.111,0.127,0.089,0.393
RDN2017q1,0.0,-0.008,-0.018,0.01,
AKR2016q3,0.0,-0.017,0.006,-0.034,-0.024
AKR2017q1,0.0,-0.054,-0.053,-0.011,
R2016q3,0.0,0.105,0.227,0.048,0.136
R2016q4,0.0,-0.006,-0.013,0.005,-0.139
R2017q1,0.0,-0.012,-0.014,0.007,
GGP2016q3,0.0,0.041,0.042,0.033,0.025
GGP2017q1,0.0,0.004,0.009,0.006,
NLSN2016q3,0.0,-0.022,-0.049,-0.008,-0.096
NLSN2017q1,0.0,0.021,-0.039,0.007,
EME2016q3,0.0,0.106,0.202,0.009,0.166
EME2017q1,0.0,-0.036,-0.056,-0.015,
RJF2017q1,0.0,0.042,0.037,0.034,-0.009
RJF2017q2,0.0,-0.035,0.037,-0.049,
HEI2016q4,0.0,0.03,0.021,0.031,0.122
HEI2017q1,0.0,0.018,0.023,-0.002,0.356
HEI2017q2,0.0,0.002,-0.021,0.01,
AMGN2016q3,0.0,0.027,0.009,-0.067,0.053
AMGN2016q4,0.0,0.05,0.072,0.03,-0.041
AMGN2017q1,0.0,-0.017,-0.041,0.009,
CBOE2016q3,0.0,0.073,0.188,0.078,0.228
CBOE2017q1,0.0,0.023,0.067,0.001,
TEL2017q1,0.0,0.008,-0.001,-0.003,0.017
TEL2017q2,0.0,-0.005,0.023,-0.021,
ROL2016q3,0.0,0.016,0.069,-0.01,0.112
ROL2017q1,0.0,0.049,0.113,0.03,
KBR2016q3,0.0,0.128,0.163,-0.091,0.175
KBR2017q1,0.0,0.059,-0.001,0.065,
IFF2016q3,0.0,-0.084,-0.049,-0.104,-0.095
IFF2017q1,0.0,-0.011,0.004,-0.036,
RLI2016q3,0.0,-0.057,0.106,-0.037,0.052
RLI2017q1,0.0,-0.049,-0.037,-0.023,
CIM2016q3,0.0,0.012,0.034,-0.013,0.116
CIM2017q1,0.0,-0.061,-0.007,-0.063,
LUK2016q3,0.0,0.133,0.231,0.073,0.305
LUK2017q1,0.0,-0.049,-0.047,-0.003,
HUM2016q3,0.0,0.196,0.276,0.154,0.187
HUM2017q1,0.0,0.004,0.045,0.03,
COKE2016q3,0.0,0.026,0.041,0.028,0.075
COKE2017q1,0.0,0.095,0.115,-0.01,
JEC2017q1,0.0,0.006,-0.001,0.032,-0.01
JEC2017q2,0.0,-0.046,-0.051,-0.059,
VGR2016q3,0.0,0.002,0.038,-0.012,0.074
VGR2017q1,0.0,-0.052,0.003,-0.038,
LVLT2016q3,0.0,0.097,0.094,0.042,0.137
LVLT2017q1,0.0,0.034,0.074,0.025,
LVLT2016q3,0.0,0.097,0.094,0.042,0.137
LVLT2017q1,0.0,0.034,0.074,0.025,
PCAR2016q3,0.0,0.101,0.162,0.085,0.251
PCAR2017q1,0.0,-0.065,-0.052,-0.038,
STI2016q3,0.0,0.154,0.166,0.127,0.273
STI2017q1,0.0,-0.067,-0.072,-0.017,
FII2016q3,0.0,0.102,0.085,-0.024,0.074
FII2017q1,0.0,-0.028,0.012,-0.029,
NBL2016q3,0.0,-0.004,0.056,0.023,0.082
NBL2016q4,0.0,-0.033,-0.099,-0.003,-0.148
NBL2017q1,0.0,0.009,-0.073,-0.007,
NXST2016q3,0.0,0.151,0.273,0.163,0.275
NXST2017q1,0.0,-0.044,0.004,-0.082,
IDTI2017q1,0.0,0.053,0.07,0.011,0.194
IDTI2017q2,0.0,0.109,0.071,0.054,0.094
IDTI2017q3,0.0,0.015,-0.041,0.007,-0.072
DLB2017q1,0.0,0.03,0.037,0.016,0.081
DLB2017q2,0.0,-0.021,0.012,0.013,
PEP2016q3,0.0,-0.017,-0.006,-0.013,-0.017
PEP2017q1,0.0,-0.004,0.04,-0.014,
SEB2016q3,0.0,0.136,0.222,0.08,0.162
SEB2017q1,0.0,-0.083,0.024,-0.049,
EGBN2016q3,0.0,0.126,0.262,0.048,0.177
EGBN2017q1,0.0,-0.032,0.057,-0.063,
WSO2016q3,0.0,0.096,0.131,0.067,0.156
WSO2017q1,0.0,0.01,0.044,-0.01,
IDXX2016q3,0.0,0.088,0.098,0.053,0.159
IDXX2017q1,0.0,-0.027,-0.001,-0.031,
JKHY2017q1,0.0,0.054,0.07,0.01,0.073
JKHY2017q2,0.0,0.033,0.043,0.016,0.075
JKHY2017q3,0.0,0.055,0.074,-0.004,
WBC2016q3,0.0,-0.027,0.005,-0.015,0.047
WBC2017q1,0.0,0.037,0.031,0.037,
CFG2016q3,0.0,0.211,0.293,0.13,0.375
CFG2017q1,0.0,-0.077,-0.086,-0.009,
KO2016q3,0.0,-0.028,-0.014,-0.002,0.003
KO2017q1,0.0,0.015,0.055,0.015,
PNFP2016q3,0.0,0.255,0.306,0.182,0.324
PNFP2017q1,0.0,-0.054,-0.037,-0.041,
EV2017q1,0.0,-0.05,-0.079,-0.011,0.031
EV2017q2,0.0,-0.011,-0.013,0.009,
GPS2017q3,0.0,-0.041,-0.02,0.036,-0.0
GPS2018q1,0.0,0.026,0.039,0.031,
KNX2016q3,0.0,0.073,0.1,0.056,-0.007
KNX2017q1,0.0,0.025,0.082,-0.044,
CAR2016q3,0.0,0.062,0.054,0.039,0.02
CAR2017q1,0.0,-0.276,-0.231,-0.145,
NBIX2016q3,0.0,0.206,0.016,0.209,0.008
NBIX2016q4,0.0,0.063,0.088,0.057,0.275
NBIX2017q1,0.0,0.018,-0.168,0.025,
ETR2016q3,0.0,-0.031,-0.01,-0.037,0.024
ETR2017q1,0.0,-0.01,0.049,-0.01,
PAYX2017q1,0.0,-0.029,-0.041,-0.023,0.074
PAYX2017q2,0.0,-0.007,-0.004,-0.014,0.007
PAYX2017q3,0.0,-0.017,0.006,-0.012,0.003
PAYX2017q4,0.0,0.003,,-0.003,
KHC2016q3,0.0,-0.018,-0.03,-0.034,0.07
KHC2017q1,0.0,0.012,0.05,-0.005,
PSEC2017q1,0.0,0.078,0.104,0.048,0.205
PSEC2017q2,0.0,0.082,0.039,0.071,0.065
PSEC2017q3,0.0,-0.073,-0.115,-0.094,
KBH2016q3,0.0,0.015,-0.093,0.015,0.009
KBH2017q1,0.0,0.065,0.048,0.031,0.227
KBH2017q2,0.0,0.06,,0.044,
APC2016q3,0.0,0.018,0.163,0.013,0.179
APC2017q1,0.0,-0.08,-0.092,-0.088,
VRSK2016q3,0.0,0.022,0.018,0.024,0.022
VRSK2017q1,0.0,-0.04,-0.011,-0.035,
NCLH2016q3,0.0,0.125,0.252,0.114,0.343
NCLH2017q1,0.0,-0.082,-0.054,-0.111,
FISV2016q3,0.0,0.032,0.108,0.014,0.122
FISV2017q1,0.0,-0.0,0.035,0.003,
NWE2016q3,0.0,0.005,-0.005,0.009,0.036
NWE2017q1,0.0,-0.001,0.016,-0.002,
CNO2016q3,0.0,0.111,0.157,0.098,0.205
CNO2017q1,0.0,-0.055,-0.015,-0.004,
VTR2016q3,0.0,-0.121,-0.098,-0.051,-0.06
VTR2016q4,0.0,0.055,-0.007,0.019,0.071
VTR2017q1,0.0,0.026,0.04,-0.004,
NI2016q3,0.0,-0.019,-0.028,0.011,-0.022
NI2017q1,0.0,0.01,0.097,0.005,
ARNC2016q3,0.0,0.157,0.244,0.119,0.522
ARNC2017q1,0.0,0.012,0.033,0.006,
WRB2016q3,0.0,0.087,0.147,0.062,0.217
WRB2017q1,0.0,-0.006,0.024,-0.02,
LAMR2016q3,0.0,0.037,0.078,-0.016,0.255
LAMR2017q1,0.0,-0.002,0.025,-0.004,
IT2016q3,0.0,0.112,0.064,0.068,0.057
IT2017q1,0.0,-0.005,0.07,-0.002,
WAB2016q3,0.0,0.097,0.104,0.104,0.109
WAB2017q1,0.0,-0.031,0.027,-0.016,
FCFS2016q3,0.0,0.019,0.022,0.003,-0.072
FCFS2017q1,0.0,0.008,0.019,-0.026,
DG2017q3,0.0,0.049,0.011,0.047,-0.003
DG2018q1,0.0,-0.075,-0.078,-0.058,
LLY2016q3,0.0,0.049,-0.067,-0.027,0.011
LLY2017q1,0.0,-0.012,-0.021,-0.014,
EDR2016q3,0.0,-0.044,-0.047,-0.02,-0.044
EDR2017q1,0.0,-0.031,-0.015,-0.031,
NKE2017q1,0.0,-0.015,-0.028,-0.012,0.034
NKE2017q2,0.0,-0.002,-0.013,-0.012,0.041
NKE2017q3,0.0,0.019,-0.01,-0.002,0.069
NKE2017q4,0.0,0.105,,0.075,
SAVE2016q3,0.0,-0.009,0.116,-0.017,0.165
SAVE2016q4,0.0,-0.045,-0.043,-0.055,0.032
SAVE2017q1,0.0,-0.038,-0.053,0.034,
ADS2016q3,0.0,0.122,0.146,0.034,0.119
ADS2017q1,0.0,-0.072,-0.072,-0.047,
Y2016q3,0.0,0.1,0.111,0.038,0.19
Y2017q1,0.0,-0.077,-0.026,-0.061,
ENTG2016q3,0.0,0.079,0.176,0.012,0.217
ENTG2017q1,0.0,-0.041,-0.057,-0.02,
BA2016q3,0.0,0.005,0.039,-0.033,0.112
BA2016q4,0.0,0.071,0.091,0.034,0.141
BA2017q1,0.0,0.016,0.035,0.009,
CVG2016q3,0.0,-0.089,-0.086,-0.155,-0.124
CVG2017q1,0.0,0.052,0.04,0.05,
CAVM2016q3,0.0,0.01,0.197,0.011,0.242
CAVM2017q1,0.0,0.051,0.058,0.009,
RSG2016q3,0.0,0.033,0.07,-0.014,0.113
RSG2017q1,0.0,-0.005,0.001,0.004,
ONB2016q3,0.0,0.206,0.187,0.157,0.246
ONB2017q1,0.0,-0.056,-0.057,-0.035,
X2016q3,0.0,0.601,0.891,0.382,0.84
X2017q1,0.0,-0.077,-0.131,-0.062,
CME2016q3,0.0,0.108,0.124,0.112,0.216
CME2017q1,0.0,-0.024,-0.014,-0.016,
AGNC2016q3,0.0,-0.034,-0.055,-0.039,-0.018
AGNC2017q1,0.0,0.017,0.055,0.002,
NJR2017q1,0.0,0.014,0.012,-0.008,0.056
NJR2017q2,0.0,-0.006,0.057,-0.005,
NCR2016q3,0.0,0.063,0.114,-0.019,0.249
NCR2017q1,0.0,0.007,-0.022,0.047,
HPP2016q3,0.0,0.037,0.068,0.009,0.106
HPP2017q1,0.0,-0.036,-0.014,-0.028,
REG2016q2,0.0,-0.034,-0.019,-0.004,-0.149
REG2016q3,0.0,-0.041,-0.044,-0.01,0.013
REG2017q1,0.0,-0.007,-0.0,-0.043,
CNK2016q3,0.0,0.031,-0.012,0.039,0.057
CNK2017q1,0.0,-0.068,-0.072,-0.02,
SNH2016q3,0.0,-0.071,-0.064,-0.075,0.016
SNH2017q1,0.0,0.016,0.023,0.022,
IEX2016q3,0.0,0.022,0.087,-0.009,0.063
IEX2017q1,0.0,0.003,0.037,0.001,
NUAN2017q1,0.0,0.026,0.019,0.031,0.094
NUAN2017q2,0.0,-0.04,-0.049,-0.06,
BDX2017q1,0.0,0.015,0.038,-0.001,0.045
BDX2017q2,0.0,-0.014,0.041,-0.025,
MMC2016q3,0.0,0.068,0.1,0.007,0.081
MMC2017q1,0.0,-0.01,0.03,0.005,
REGN2016q3,0.0,0.164,0.092,0.23,0.052
REGN2016q4,0.0,0.003,0.078,0.036,0.187
REGN2017q1,0.0,0.053,0.106,0.014,
PFPT2016q3,0.0,0.109,-0.06,0.015,0.018
PFPT2017q1,0.0,0.05,0.175,0.036,
PBYI2016q3,0.0,-0.012,-0.221,-0.108,-0.277
PBYI2017q1,0.0,1.445,1.608,0.183,
VZ2016q3,0.0,0.005,0.064,-0.014,0.064
VZ2017q1,0.0,-0.014,-0.029,-0.017,
AKAM2016q3,0.0,0.007,-0.001,-0.014,0.05
AKAM2017q1,0.0,-0.059,-0.03,-0.025,
SXT2016q3,0.0,0.028,0.078,0.029,0.035
SXT2017q1,0.0,-0.008,-0.001,-0.008,
ARW2016q3,0.0,0.118,0.15,0.06,0.241
ARW2016q4,0.0,0.047,0.036,0.024,0.101
ARW2017q1,0.0,-0.03,0.016,0.02,
ZNGA2016q3,0.0,0.026,0.048,0.059,-0.077
ZNGA2017q1,0.0,0.078,0.134,0.037,
EXEL2016q3,0.0,0.642,0.703,0.543,0.776
EXEL2017q1,0.0,-0.063,-0.192,-0.069,
CMA2016q3,0.0,0.155,0.25,-0.002,0.312
CMA2017q1,0.0,-0.008,-0.021,0.013,
VRSN2016q3,0.0,0.004,0.006,-0.005,-0.003
VRSN2017q1,0.0,0.01,0.018,0.023,
APA2016q3,0.0,0.106,0.16,0.028,0.07
APA2017q1,0.0,0.038,-0.047,0.044,
PFG2016q3,0.0,0.068,0.089,0.049,0.076
PFG2016q4,0.0,0.05,0.069,0.048,0.068
PFG2017q1,0.0,-0.054,-0.007,-0.016,
PDCE2016q3,0.0,0.045,0.171,0.031,0.172
PDCE2017q1,0.0,0.021,-0.08,0.009,
HOG2016q3,0.0,0.039,0.068,0.063,0.026
HOG2017q1,0.0,-0.051,-0.036,-0.001,
CPT2016q3,0.0,-0.025,-0.013,0.03,0.059
CPT2016q4,0.0,0.031,-0.028,0.005,0.008
CPT2017q1,0.0,-0.001,0.028,-0.004,
PAY2017q1,0.0,-0.019,-0.062,-0.005,-0.03
PAY2017q2,0.0,-0.006,0.01,-0.025,
FTI2016q4,0.0,-0.015,-0.114,-0.048,-0.065
FTI2017q1,0.0,0.017,-0.065,0.016,
CGNX2016q3,0.0,0.109,0.159,0.064,0.298
CGNX2017q1,0.0,0.07,0.07,0.041,
KS2016q3,0.0,0.136,0.18,0.062,0.362
KS2017q1,0.0,-0.11,-0.123,-0.162,
OFC2016q3,0.0,0.103,0.115,0.11,0.258
OFC2017q1,0.0,-0.008,0.03,0.015,
EE2016q3,0.0,-0.011,0.003,0.019,0.03
EE2017q1,0.0,0.006,0.066,-0.006,
LHO2016q3,0.0,-0.076,0.071,-0.034,0.204
LHO2017q1,0.0,-0.012,-0.025,0.043,
EPR2016q3,0.0,-0.021,0.015,-0.036,0.085
EPR2017q1,0.0,-0.001,0.021,-0.001,
PAG2016q3,0.0,0.083,0.156,0.001,0.252
PAG2017q1,0.0,-0.107,-0.117,-0.091,
PEB2016q3,0.0,0.033,0.115,-0.058,0.211
PEB2017q1,0.0,-0.011,-0.007,-0.011,
EQR2016q3,0.0,-0.015,-0.006,0.007,0.006
EQR2017q1,0.0,0.016,0.036,0.006,
TTWO2017q1,0.0,-0.009,0.08,-0.001,0.062
TTWO2017q2,0.0,0.007,-0.017,-0.028,0.111
TTWO2017q3,0.0,0.088,0.098,0.107,0.212
NDSN2016q4,0.0,-0.009,-0.003,0.004,0.102
NDSN2017q1,0.0,0.004,-0.03,0.009,-0.057
NDSN2017q2,0.0,0.057,0.047,0.021,
OLED2016q3,0.0,0.113,0.036,0.083,0.27
OLED2017q1,0.0,0.266,0.303,0.264,
POR2016q3,0.0,-0.024,-0.01,-0.013,0.028
POR2017q1,0.0,-0.001,0.035,-0.002,
DHI2017q1,0.0,-0.044,0.004,-0.051,0.045
DHI2017q2,0.0,0.02,0.02,-0.012,
NUVA2016q3,0.0,0.02,0.086,-0.036,0.184
NUVA2016q4,0.0,0.026,0.031,0.018,-0.02
NUVA2017q1,0.0,-0.075,-0.015,-0.044,
ANTM2016q3,0.0,0.125,0.185,0.047,0.259
ANTM2017q1,0.0,0.006,0.023,0.005,
CUBE2016q3,0.0,0.012,-0.05,-0.02,0.047
CUBE2017q1,0.0,-0.024,-0.011,-0.018,
TRN2016q3,0.0,0.212,0.25,-0.037,0.308
TRN2017q1,0.0,-0.007,-0.06,-0.02,
TECD2017q3,0.0,0.049,-0.002,0.04,0.025
TECD2018q1,0.0,-0.023,0.014,-0.056,
IBKR2016q3,0.0,0.101,0.152,0.102,0.107
IBKR2017q1,0.0,-0.025,0.019,-0.023,
USB2016q3,0.0,0.121,0.138,0.09,0.205
USB2017q1,0.0,-0.013,-0.009,-0.007,
SIGI2016q3,0.0,0.065,0.167,-0.028,0.166
SIGI2017q1,0.0,-0.055,-0.053,-0.04,
SPG2016q3,0.0,0.016,0.009,0.017,0.034
SPG2017q1,0.0,-0.058,-0.068,0.0,
MSM2017q1,0.0,0.035,0.05,0.013,-0.055
MSM2017q2,0.0,-0.075,-0.065,-0.069,-0.082
SSD2016q3,0.0,0.12,0.119,0.055,0.015
SSD2017q1,0.0,-0.016,0.013,-0.018,
TFSL2016q3,0.0,0.019,0.011,-0.003,-0.011
TFSL2017q1,0.0,0.016,-0.006,0.019,-0.007
TFSL2017q2,0.0,-0.046,-0.058,-0.02,
ESRX2016q3,0.0,-0.003,0.096,-0.04,0.024
ESRX2016q4,0.0,0.015,-0.069,0.025,-0.134
ESRX2017q1,0.0,-0.084,-0.11,-0.094,
PDCO2017q1,0.0,0.011,-0.028,-0.014,-0.13
PDCO2017q2,0.0,0.017,0.063,0.005,0.112
PDCO2017q3,0.0,-0.001,0.003,0.032,0.045
XEL2016q3,0.0,-0.045,-0.029,-0.008,0.011
XEL2017q1,0.0,0.012,0.05,0.0,
EXPE2016q3,0.0,-0.079,-0.031,-0.049,-0.085
EXPE2016q4,0.0,-0.028,0.028,-0.026,0.139
EXPE2017q1,0.0,0.046,0.083,0.05,
INT2016q3,0.0,0.072,0.105,0.007,0.104
INT2017q1,0.0,0.018,-0.024,0.026,
CHD2016q3,0.0,0.011,-0.012,-0.017,0.029
CHD2017q1,0.0,-0.019,0.038,-0.004,
DOW2016q3,0.0,-0.008,-0.007,-0.024,0.102
DOW2016q4,0.0,0.052,0.059,0.019,0.033
DOW2017q1,0.0,-0.021,-0.034,-0.028,
DISH2016q3,0.0,-0.039,0.018,-0.056,0.043
DISH2017q1,0.0,-0.023,0.013,-0.027,
SKX2016q3,0.0,0.114,0.311,0.088,0.259
SKX2017q1,0.0,-0.046,0.075,-0.029,
IBKC2016q3,0.0,0.191,0.299,0.153,0.251
IBKC2017q1,0.0,-0.041,-0.052,-0.02,
GS2016q3,0.0,0.19,0.271,0.14,0.305
GS2017q1,0.0,-0.05,-0.055,-0.008,
LPI2016q3,0.0,0.063,0.137,-0.003,0.027
LPI2017q1,0.0,0.096,0.003,0.061,
CAG2017q1,0.0,0.019,-0.003,-0.011,-0.163
CAG2017q2,0.0,-0.009,0.012,-0.012,0.034
CAG2017q3,0.0,0.014,-0.058,0.007,-0.113
CAG2017q4,0.0,-0.079,,-0.054,
RBC2016q3,0.0,0.088,0.125,0.026,0.128
RBC2017q1,0.0,-0.008,0.034,-0.026,
PBI2016q3,0.0,0.032,0.072,0.018,-0.092
PCH2016q3,0.0,-0.054,0.068,-0.059,0.009
PCH2017q1,0.0,-0.054,-0.048,-0.048,
RPAI2016q3,0.0,0.021,0.02,0.009,0.017
RPAI2017q1,0.0,-0.038,-0.062,-0.003,
AES2016q3,0.0,-0.059,-0.077,-0.07,-0.045
AES2017q1,0.0,0.004,0.023,0.008,
BMY2016q3,0.0,0.09,0.097,-0.034,-0.052
BMY2017q1,0.0,-0.01,-0.031,-0.009,
TDY2016q3,0.0,0.168,0.217,0.128,0.212
TDY2017q1,0.0,-0.01,0.005,-0.048,
TSRO2016q3,0.0,0.103,0.11,0.2,0.355
TSRO2017q1,0.0,0.125,0.013,0.084,
AIG2016q3,0.0,0.105,0.096,0.087,0.111
AIG2017q1,0.0,-0.02,0.025,-0.014,
FLIR2016q3,0.0,0.102,0.117,0.086,0.11
FLIR2017q1,0.0,0.006,0.048,0.01,
VNO2016q3,0.0,0.067,0.061,-0.03,0.168
VNO2016q4,0.0,0.035,-0.031,0.031,-0.107
VNO2017q1,0.0,-0.023,-0.035,-0.01,
PNM2016q3,0.0,0.009,0.031,-0.002,0.059
PNM2017q1,0.0,-0.008,0.012,0.011,
TFX2016q3,0.0,0.028,0.101,0.018,0.183
TFX2017q1,0.0,-0.043,0.024,-0.042,
WBA2017q1,0.0,0.006,-0.031,0.011,-0.002
WBA2017q2,0.0,0.029,0.058,0.017,-0.033
WBA2017q3,0.0,-0.015,,-0.008,
BSX2016q3,0.0,0.003,-0.055,0.016,0.117
BSX2017q1,0.0,-0.02,0.043,0.0,
ABMD2017q1,0.0,0.027,-0.01,0.041,-0.108
ABMD2017q2,0.0,0.083,0.04,0.051,0.016
ABMD2017q3,0.0,0.111,0.15,0.035,0.279
CONE2016q3,0.0,-0.092,-0.043,-0.034,0.095
CONE2017q1,0.0,0.04,0.06,0.007,
EBAY2016q3,0.0,-0.033,-0.011,-0.007,0.044
EBAY2016q4,0.0,0.054,0.053,0.055,0.046
EBAY2017q1,0.0,0.03,0.04,0.016,
OMI2016q3,0.0,0.02,0.034,-0.026,0.102
OMI2017q1,0.0,-0.026,-0.021,-0.012,
BAC2016q3,0.0,0.214,0.299,0.023,0.387
BAC2017q1,0.0,0.02,-0.035,0.019,
O2016q3,0.0,-0.09,-0.074,-0.072,-0.015
O2017q1,0.0,-0.058,-0.065,-0.02,
AGCO2016q3,0.0,0.07,0.194,0.058,0.242
AGCO2017q1,0.0,0.006,0.027,0.01,
NFLX2016q2,0.0,0.09,0.12,0.065,0.163
NFLX2016q3,0.0,-0.01,-0.066,0.025,0.077
NFLX2016q4,0.0,0.017,0.006,-0.015,0.068
NFLX2017q1,0.0,0.114,0.112,0.084,
ALB2016q3,0.0,0.019,0.109,-0.032,0.143
ALB2017q1,0.0,0.012,0.049,0.019,
LECO2016q3,0.0,0.021,0.182,0.013,0.247
LECO2017q1,0.0,0.032,0.019,0.017,
SCG2016q2,0.0,-0.013,-0.046,0.005,-0.028
SCG2016q3,0.0,-0.019,-0.001,-0.026,-0.025
SCG2017q1,0.0,-0.006,0.041,-0.013,
BOKF2016q3,0.0,0.13,0.138,0.007,0.178
BOKF2017q1,0.0,-0.025,-0.017,-0.001,
CHK2016q3,0.0,0.091,0.339,0.056,0.194
CHK2017q1,0.0,0.086,-0.033,0.115,
WTM2016q3,0.0,0.001,0.023,-0.015,0.092
WTM2017q1,0.0,0.013,0.021,0.022,
HRS2017q1,0.0,0.122,0.132,0.086,0.108
HRS2017q2,0.0,0.049,0.059,0.014,0.055
HRS2017q3,0.0,-0.019,0.047,-0.003,
GRMN2016q3,0.0,-0.016,0.061,-0.033,-0.003
GRMN2017q1,0.0,0.008,0.045,0.038,
WMT2017q3,0.0,0.013,-0.015,0.002,0.011
WMT2018q1,0.0,-0.055,-0.049,-0.003,
WSTC2016q3,0.0,0.187,0.109,0.086,0.151
WSTC2017q1,0.0,0.003,0.004,0.001,
AMTD2017q1,0.0,0.025,-0.057,0.015,-0.075
AMTD2017q2,0.0,-0.052,-0.031,-0.018,
HTA2016q3,0.0,-0.093,-0.081,-0.078,-0.033
HTA2017q1,0.0,-0.054,-0.042,-0.088,
MPW2016q3,0.0,0.017,0.048,0.023,0.074
MPW2017q1,0.0,-0.006,0.012,0.007,
DUK2016q3,0.0,-0.036,-0.039,-0.026,0.028
DUK2017q1,0.0,0.037,0.051,0.012,
HSY2016q3,0.0,-0.05,-0.04,-0.023,0.047
HSY2017q1,0.0,-0.01,0.078,-0.006,
HST2016q3,0.0,0.114,0.164,0.057,0.202
HST2017q1,0.0,-0.041,-0.03,-0.033,
BWA2016q3,0.0,-0.007,0.007,-0.034,0.145
BWA2016q4,0.0,0.045,0.031,0.018,0.034
BWA2017q1,0.0,-0.007,-0.027,-0.019,
V2017q1,0.0,0.064,0.081,0.04,0.127
V2017q2,0.0,0.01,0.016,0.001,
HES2016q3,0.0,0.079,0.23,0.041,0.155
HES2017q1,0.0,0.042,-0.002,0.083,
PEGA2016q3,0.0,0.185,0.182,0.127,0.319
PEGA2017q1,0.0,0.195,0.288,0.172,
WAFD2017q1,0.0,-0.006,0.033,0.005,0.03
WAFD2017q2,0.0,-0.062,-0.034,-0.012,
IRM2016q3,0.0,-0.041,-0.02,0.016,0.097
IRM2017q1,0.0,0.0,0.009,-0.003,
HAE2017q1,0.0,0.067,0.109,0.055,-0.011
HAE2017q2,0.0,0.054,0.083,0.046,0.122
HAE2017q3,0.0,-0.007,0.02,-0.004,0.128
FFIV2016q4,0.0,0.046,0.024,0.04,-0.013
FFIV2017q1,0.0,0.082,0.08,0.049,-0.037
FFIV2017q2,0.0,-0.036,-0.017,-0.028,
SON2016q3,0.0,0.07,0.068,0.034,0.11
SON2017q1,0.0,-0.031,-0.011,-0.006,
AIZ2016q3,0.0,0.084,0.1,0.009,0.229
AIZ2016q4,0.0,0.045,0.041,0.029,0.079
AIZ2017q1,0.0,-0.05,-0.036,-0.017,
MTDR2016q3,0.0,0.186,0.241,0.127,0.274
MTDR2017q1,0.0,0.04,-0.01,0.004,
ITRI2016q3,0.0,0.113,0.084,0.02,0.06
ITRI2017q1,0.0,-0.01,0.045,-0.002,
FIS2016q3,0.0,0.001,-0.001,0.025,0.062
FIS2017q1,0.0,-0.002,0.044,0.007,
UMPQ2016q3,0.0,0.187,0.21,0.172,0.235
UMPQ2017q1,0.0,-0.042,-0.054,-0.024,
SGMS2015q1,0.0,0.145,0.246,0.12,-0.028
SGMS2016q3,0.0,0.203,0.29,0.091,0.472
SGMS2017q1,0.0,-0.013,-0.019,-0.047,
AXP2016q3,0.0,0.005,0.092,-0.007,0.147
AXP2017q1,0.0,-0.03,-0.036,-0.025,
BFAM2016q3,0.0,0.136,0.098,0.129,0.129
BFAM2017q1,0.0,-0.059,-0.052,-0.039,
H2016q3,0.0,0.054,0.046,0.031,0.072
H2017q1,0.0,0.009,0.009,0.017,
GHC2016q3,0.0,0.042,0.079,0.024,0.142
GHC2017q1,0.0,0.002,0.025,0.023,
AEO2017q3,0.0,0.019,-0.055,0.111,-0.012
AEO2017q4,0.0,-0.049,-0.058,-0.019,-0.232
AEO2018q1,0.0,0.001,0.013,0.045,
NLY2016q3,0.0,-0.029,-0.034,-0.02,0.022
NLY2017q1,0.0,-0.003,0.042,-0.021,
COR2016q3,0.0,-0.083,-0.038,-0.031,0.22
COR2016q4,0.0,0.034,0.0,-0.008,0.14
COR2017q1,0.0,0.004,0.052,0.012,
ULTA2017q3,0.0,-0.003,-0.01,-0.016,0.062
ULTA2018q1,0.0,-0.021,-0.063,0.002,
PVH2017q3,0.0,-0.132,-0.127,-0.042,-0.153
PVH2018q1,0.0,0.005,0.078,0.009,
BMS2016q3,0.0,-0.009,0.036,-0.013,0.062
BMS2017q1,0.0,-0.016,0.005,0.01,
WRK2017q1,0.0,0.006,-0.048,0.0,0.028
WRK2017q2,0.0,-0.013,0.038,0.007,
EGN2016q3,0.0,0.084,0.126,0.084,0.004
EGN2017q1,0.0,0.117,0.037,0.063,
TEN2016q2,0.0,0.023,0.023,0.005,-0.036
TEN2016q3,0.0,0.101,0.127,0.055,0.288
TEN2017q1,0.0,-0.041,0.014,0.008,
ABC2017q1,0.0,0.041,0.058,0.035,-0.051
ABC2017q2,0.0,0.006,0.086,0.027,
APH2016q3,0.0,0.048,0.038,0.024,0.042
APH2017q1,0.0,0.008,0.052,0.011,
PXD2016q3,0.0,0.042,0.095,0.038,0.052
PXD2017q1,0.0,0.014,-0.035,0.003,
CBRL2017q1,0.0,0.019,0.044,0.002,0.042
CBRL2017q2,0.0,-0.01,-0.026,0.004,0.014
CBRL2017q3,0.0,0.043,0.014,0.024,
NEOG2017q1,0.0,-0.06,-0.069,-0.014,0.196
NEOG2017q2,0.0,-0.015,-0.021,-0.012,-0.022
NEOG2017q3,0.0,-0.09,-0.049,-0.055,0.041
BBT2016q3,0.0,0.011,0.155,0.007,0.176
BBT2017q1,0.0,0.0,-0.02,-0.003,
SNI2016q3,0.0,0.062,0.107,0.126,0.168
SNI2017q1,0.0,-0.061,-0.086,-0.057,
Z2016q3,0.0,0.008,-0.035,0.022,0.008
Z2016q4,0.0,-0.042,-0.045,-0.015,0.181
Z2017q1,0.0,0.032,0.12,0.075,
CL2016q3,0.0,-0.048,-0.057,0.0,-0.027
CL2017q1,0.0,-0.011,0.047,-0.003,
XYL2016q3,0.0,0.164,0.101,0.048,0.052
XYL2017q1,0.0,0.027,0.044,0.029,
ALL2016q3,0.0,0.05,0.053,0.012,0.122
ALL2017q1,0.0,0.031,0.067,0.029,
URI2016q3,0.0,-0.062,0.203,0.008,0.419
URI2016q4,0.0,0.091,0.087,0.137,-0.008
URI2017q1,0.0,-0.098,-0.078,-0.051,
CAKE2016q3,0.0,0.12,0.173,0.106,0.169
CAKE2017q1,0.0,-0.017,-0.035,-0.027,
DGI2016q3,0.0,0.013,0.254,-0.056,0.096
DGI2017q1,0.0,-0.014,-0.014,-0.012,
BKH2016q3,0.0,-0.018,-0.022,-0.037,0.045
BKH2017q1,0.0,-0.017,0.037,-0.01,
CXW2016q3,0.0,0.404,0.648,0.4,1.088
CXW2017q1,0.0,-0.058,-0.084,0.006,
CFX2016q3,0.0,0.122,0.165,-0.01,0.22
CFX2016q4,0.0,-0.046,-0.009,-0.007,-0.002
CFX2017q1,0.0,0.003,0.037,-0.009,
IPG2016q3,0.0,-0.008,0.116,-0.01,0.067
IPG2017q1,0.0,-0.005,-0.003,-0.034,
STWD2016q3,0.0,-0.013,0.031,0.017,0.041
STWD2017q1,0.0,0.01,0.01,-0.007,
JBLU2016q3,0.0,0.115,0.22,-0.014,0.241
JBLU2017q1,0.0,-0.027,0.051,-0.015,
MTX2016q3,0.0,0.135,0.136,0.087,0.181
MTX2017q1,0.0,-0.064,-0.034,-0.041,
LAD2016q3,0.0,-0.02,0.088,-0.073,0.199
LAD2017q1,0.0,-0.058,-0.036,-0.036,
ROP2016q3,0.0,0.063,0.076,0.056,0.134
ROP2017q1,0.0,0.003,0.047,0.003,
C2016q3,0.0,0.116,0.151,0.017,0.166
C2017q1,0.0,0.033,0.018,0.017,
WTS2016q3,0.0,0.087,0.11,0.089,0.058
WTS2017q1,0.0,-0.007,0.02,-0.002,
OSK2017q1,0.0,-0.062,-0.079,-0.052,0.036
OSK2017q2,0.0,-0.043,-0.072,-0.035,
BKD2016q3,0.0,0.019,-0.052,0.042,0.245
BKD2017q1,0.0,0.011,0.001,-0.011,
GPK2016q3,0.0,0.015,0.039,0.006,0.021
GPK2016q4,0.0,0.036,-0.015,0.043,0.079
GPK2017q1,0.0,0.042,-0.006,0.016,
CSL2016q3,0.0,0.097,0.139,0.029,0.064
CSL2016q4,0.0,-0.006,0.013,0.006,-0.027
CSL2017q1,0.0,0.013,0.01,0.021,
RHI2016q3,0.0,0.198,0.22,0.116,0.26
RHI2016q4,0.0,0.014,0.02,0.023,0.014
RHI2017q1,0.0,-0.015,0.014,0.007,
BXS2016q3,0.0,0.204,0.237,0.185,0.247
BXS2017q1,0.0,-0.044,-0.057,-0.028,
AVGO2017q1,0.0,-0.019,-0.012,0.006,0.149
AVGO2017q2,0.0,-0.039,-0.056,-0.063,
MSI2016q3,0.0,0.054,0.047,0.059,0.069
MSI2017q1,0.0,-0.043,0.026,-0.003,
IVZ2016q3,0.0,0.075,0.108,-0.043,0.08
IVZ2017q1,0.0,-0.021,-0.025,-0.021,
STZ2017q3,0.0,0.019,0.016,0.005,0.103
STZ2018q1,0.0,0.005,,0.005,
ATO2016q4,0.0,0.032,0.028,0.027,0.071
ATO2017q1,0.0,0.014,0.009,-0.01,0.084
ATO2017q2,0.0,-0.007,0.049,-0.007,
CE2016q3,0.0,0.049,0.14,0.035,0.196
CE2016q4,0.0,0.01,0.031,0.02,-0.009
CE2017q1,0.0,-0.018,-0.055,0.0,0.085
BERY2017q1,0.0,0.004,0.013,-0.029,-0.007
BERY2017q2,0.0,0.027,0.079,0.044,
VOYA2016q3,0.0,0.215,0.289,0.115,0.324
VOYA2017q1,0.0,-0.062,-0.05,-0.003,
WAL2016q3,0.0,0.186,0.251,0.019,0.353
WAL2017q1,0.0,-0.026,-0.055,0.005,
KMB2016q3,0.0,0.001,0.006,0.004,0.028
KMB2016q4,0.0,0.097,0.097,0.012,0.051
KMB2017q1,0.0,-0.016,-0.018,-0.006,
KSU2016q3,0.0,-0.07,-0.071,-0.023,-0.09
KSU2016q4,0.0,-0.002,0.027,-0.005,0.055
KSU2017q1,0.0,0.041,0.026,0.024,
CST2016q3,0.0,-0.003,-0.001,-0.001,-0.001
CST2017q1,0.0,0.0,-0.001,-0.0,
AGIO2016q3,0.0,0.319,0.196,0.339,-0.097
AGIO2017q1,0.0,0.099,0.04,0.078,
BWLD2016q3,0.0,0.131,0.191,0.014,0.081
BWLD2017q1,0.0,-0.002,-0.042,0.017,
ARE2016q3,0.0,0.022,0.042,0.043,0.068
ARE2016q4,0.0,0.038,0.056,0.022,0.026
ARE2017q1,0.0,0.011,0.03,-0.009,
DAL2016q3,0.0,0.036,0.164,0.036,0.279
DAL2016q4,0.0,0.012,-0.039,0.023,-0.006
DAL2017q1,0.0,0.029,0.087,0.001,0.222
TOL2017q1,0.0,0.01,-0.001,0.008,0.06
TOL2017q2,0.0,0.033,0.055,0.012,
DFS2016q3,0.0,0.127,0.213,-0.007,0.239
DFS2017q1,0.0,-0.024,-0.041,-0.015,
INTU2017q1,0.0,-0.023,0.011,0.001,0.028
INTU2017q2,0.0,0.034,-0.008,0.037,0.073
INTU2017q3,0.0,0.097,0.084,0.084,
GDOT2016q3,0.0,0.082,0.132,0.065,0.172
GDOT2017q1,0.0,0.016,0.108,-0.003,
JPM2016q3,0.0,0.151,0.186,0.015,0.254
JPM2017q1,0.0,0.013,-0.04,0.003,
BEN2016q4,0.0,-0.002,0.015,0.015,0.061
BEN2017q1,0.0,0.014,0.06,-0.0,0.047
BEN2017q2,0.0,0.001,-0.033,-0.008,
XL2016q3,0.0,0.083,0.045,0.103,0.093
XL2017q1,0.0,-0.006,0.018,-0.016,
FTNT2016q3,0.0,-0.006,-0.025,0.026,0.207
FTNT2017q1,0.0,0.008,-0.004,0.001,
MDU2016q3,0.0,0.069,0.12,0.048,0.02
MDU2017q1,0.0,0.028,0.032,0.023,
LSTR2016q3,0.0,0.133,0.167,0.028,0.201
LSTR2017q1,0.0,-0.022,0.01,-0.03,
HI2017q1,0.0,0.004,-0.001,-0.034,-0.005
HI2017q2,0.0,-0.001,0.012,0.047,
BBY2017q3,0.0,0.035,-0.06,0.079,-0.028
BBY2018q1,0.0,-0.057,-0.017,-0.04,
ATHN2016q3,0.0,-0.164,-0.139,-0.148,0.01
ATHN2016q4,0.0,-0.077,-0.07,-0.081,-0.205
ATHN2017q1,0.0,-0.104,0.104,-0.168,
ESS2016q3,0.0,0.028,0.009,0.028,0.06
ESS2017q1,0.0,0.024,0.036,0.008,
BIIB2016q3,0.0,0.079,0.029,-0.065,-0.076
BIIB2016q4,0.0,0.098,0.127,0.024,0.027
BIIB2017q1,0.0,-0.089,-0.118,-0.054,
KMX2017q1,0.0,0.141,0.167,0.098,0.024
KMX2017q3,0.0,0.019,0.004,0.027,-0.146
KMX2018q1,0.0,0.061,,0.039,
MKL2016q3,0.0,0.015,0.019,-0.01,0.059
MKL2017q1,0.0,-0.021,-0.011,-0.014,
DLPH2016q3,0.0,0.002,-0.041,-0.013,0.055
DLPH2016q4,0.0,0.023,0.047,0.031,0.064
DLPH2017q1,0.0,-0.018,0.027,0.012,
IART2016q3,0.0,-0.025,0.021,-0.063,0.012
IART2017q1,0.0,0.029,0.071,0.0,
FMBI2016q3,0.0,0.255,0.266,0.192,0.277
FMBI2017q1,0.0,0.006,0.072,-0.038,
AET2016q3,0.0,0.082,0.169,-0.051,0.063
AET2017q1,0.0,0.021,0.063,0.025,
HCN2016q3,0.0,-0.05,-0.054,-0.054,-0.001
HCN2017q1,0.0,0.049,0.057,0.029,
COLB2016q3,0.0,0.133,0.265,0.083,0.117
COLB2017q1,0.0,-0.057,-0.059,-0.023,
GPOR2016q3,0.0,0.054,0.139,0.009,-0.099
GPOR2017q1,0.0,-0.011,-0.193,0.018,
VC2016q3,0.0,0.003,0.147,-0.008,0.326
VC2017q1,0.0,-0.012,-0.026,-0.019,
GPN2017q1,0.0,-0.059,-0.104,-0.066,-0.108
GPN2017q2,0.0,-0.009,-0.015,-0.026,-0.018
VSH2016q3,0.0,0.064,0.115,0.086,0.201
VSH2017q1,0.0,-0.047,-0.009,-0.003,
CW2016q3,0.0,0.077,0.158,-0.038,0.099
CW2017q1,0.0,-0.07,0.014,-0.026,
M2017q3,0.0,-0.045,-0.148,0.015,-0.21
M2018q1,0.0,-0.021,-0.007,-0.047,
HIG2016q3,0.0,0.074,0.11,0.015,0.117
HIG2017q1,0.0,0.027,0.021,0.023,
ALNY2016q3,0.0,0.476,0.323,0.457,0.273
ALNY2017q1,0.0,0.302,0.307,0.031,
HL2016q3,0.0,-0.127,-0.118,-0.12,-0.062
HL2017q1,0.0,0.115,0.081,0.076,
NYT2016q3,0.0,0.139,0.185,0.088,0.254
NYT2017q1,0.0,0.047,0.093,0.068,
ODFL2016q3,0.0,0.159,0.218,0.133,0.192
ODFL2017q1,0.0,0.048,0.107,-0.018,
YUM2016q3,0.0,-0.023,-0.022,-0.018,0.03
YUM2017q1,0.0,0.045,0.061,0.004,
AMD2016q3,0.0,-0.048,0.203,-0.073,0.432
AMD2017q1,0.0,0.099,0.233,0.137,
PLD2016q3,0.0,-0.026,0.014,-0.046,-0.001
PLD2017q1,0.0,-0.012,0.019,-0.005,
DAR2016q3,0.0,0.072,0.011,-0.015,-0.085
DAR2017q1,0.0,0.045,0.027,-0.01,
CCI2016q3,0.0,-0.079,-0.094,-0.002,-0.025
CCI2017q1,0.0,0.041,0.104,-0.004,
WWW2016q3,0.0,-0.01,0.112,-0.024,0.095
WWW2017q1,0.0,-0.037,0.031,-0.032,
CATY2016q3,0.0,0.199,0.275,0.187,0.272
CATY2017q1,0.0,-0.055,-0.056,-0.02,
ATVI2016q3,0.0,-0.079,-0.144,-0.055,-0.036
ATVI2017q1,0.0,0.039,0.123,0.05,
MSTR2016q3,0.0,0.113,0.14,0.089,0.17
MSTR2016q4,0.0,0.026,-0.013,0.019,-0.008
MSTR2017q1,0.0,-0.028,-0.061,-0.017,
SRCL2016q3,0.0,0.02,0.004,0.011,0.01
SRCL2017q1,0.0,-0.032,-0.079,-0.028,
CVLT2017q1,0.0,-0.007,0.005,-0.016,0.082
CVLT2017q2,0.0,-0.052,0.017,-0.058,0.042
CVLT2017q3,0.0,0.016,0.011,-0.014,0.022
CVLT2017q4,0.0,-0.013,-0.002,0.007,
FNB2016q3,0.0,0.132,0.215,0.099,0.153
FNB2017q1,0.0,-0.082,-0.063,-0.035,
TCBI2016q3,0.0,0.0,0.267,0.031,0.341
TCBI2017q1,0.0,0.029,0.021,0.039,
COF2016q3,0.0,0.134,0.195,0.101,0.215
COF2017q1,0.0,-0.044,-0.049,-0.01,
ACIW2016q3,0.0,0.091,0.044,0.046,0.127
ACIW2017q1,0.0,-0.026,0.039,0.03,
COG2016q3,0.0,0.04,0.115,-0.023,0.121
COG2017q1,0.0,0.047,-0.01,0.04,
SIG2017q3,0.0,0.047,0.023,0.024,-0.204
SIG2018q1,0.0,0.143,0.207,0.087,
HBI2016q3,0.0,-0.035,-0.049,-0.078,-0.118
HBI2016q4,0.0,0.115,0.09,0.106,0.171
HBI2017q1,0.0,-0.008,0.036,0.098,
TAP2016q3,0.0,-0.072,-0.097,0.005,-0.09
TAP2016q4,0.0,0.013,-0.009,0.01,-0.051
TAP2017q1,0.0,0.024,0.07,0.021,
HBHC2016q3,0.0,0.213,0.337,0.166,0.356
HBHC2017q1,0.0,-0.027,-0.021,-0.018,
FIVE2017q3,0.0,-0.098,-0.088,-0.026,-0.12
FIVE2018q1,0.0,-0.08,-0.054,-0.023,
LEG2016q3,0.0,0.059,0.075,0.054,0.051
LEG2017q1,0.0,-0.043,-0.027,-0.033,
PCLN2016q3,0.0,0.03,0.032,0.006,0.07
PCLN2017q1,0.0,-0.044,-0.01,-0.043,
VRTX2016q3,0.0,0.245,0.076,0.097,0.152
VRTX2017q1,0.0,-0.031,0.014,-0.029,
NDAQ2016q3,0.0,0.003,0.037,-0.014,0.072
NDAQ2017q1,0.0,0.014,0.057,-0.0,
BGS2016q3,0.0,0.0,0.037,-0.044,0.093
BGS2017q1,0.0,-0.009,-0.019,-0.002,
CI2016q3,0.0,0.193,0.137,0.149,0.246
CI2017q1,0.0,-0.005,0.026,0.011,
VSAT2017q1,0.0,0.007,0.002,0.007,-0.066
VSAT2017q2,0.0,-0.058,-0.119,-0.062,-0.168
VSAT2017q3,0.0,0.023,-0.017,0.006,-0.024
BC2016q3,0.0,0.119,0.194,0.03,0.405
BC2017q1,0.0,-0.033,0.001,0.032,
GRPN2016q3,0.0,-0.012,0.002,-0.039,-0.149
GRPN2017q1,0.0,-0.061,-0.127,0.032,
UNM2016q3,0.0,0.105,0.185,0.004,0.25
UNM2017q1,0.0,-0.014,-0.038,-0.004,
FITB2016q3,0.0,0.146,0.172,0.085,0.16
FITB2017q1,0.0,-0.025,-0.047,-0.026,
CHH2016q3,0.0,0.047,0.104,0.014,0.134
CHH2017q1,0.0,0.032,0.061,-0.007,
WEN2016q3,0.0,0.126,0.226,0.063,0.224
WEN2017q1,0.0,0.037,-0.017,-0.001,
PRTA2016q3,0.0,0.426,0.194,0.243,0.085
PRTA2017q1,0.0,0.097,-0.004,0.11,
CREE2017q1,0.0,-0.052,0.113,0.014,0.225
CREE2017q2,0.0,-0.031,-0.049,-0.035,-0.139
CREE2017q3,0.0,0.033,0.084,-0.004,
AN2016q3,0.0,-0.024,0.014,-0.075,0.201
AN2016q4,0.0,-0.016,-0.053,-0.009,-0.152
AN2017q1,0.0,-0.085,-0.113,-0.082,
PM2016q3,0.0,0.013,-0.08,-0.005,-0.01
PM2016q4,0.0,0.066,0.099,0.019,0.105
PM2017q1,0.0,0.009,0.087,0.009,
COL2017q1,0.0,0.038,0.078,0.029,0.165
COL2017q2,0.0,-0.006,-0.016,-0.006,
DKS2017q3,0.0,0.038,-0.024,0.006,-0.152
DKS2018q1,0.0,-0.077,-0.066,-0.012,
EGP2016q3,0.0,-0.064,-0.047,-0.043,0.081
EGP2017q1,0.0,-0.007,0.032,0.002,
FAF2016q3,0.0,-0.049,-0.03,-0.035,-0.062
FAF2017q1,0.0,-0.026,-0.002,-0.009,
HIW2016q3,0.0,-0.025,-0.033,-0.029,0.063
HIW2016q4,0.0,0.044,-0.005,0.002,0.022
HIW2017q1,0.0,-0.024,0.004,-0.014,
ALX2016q3,0.0,0.12,0.125,0.007,0.133
ALX2016q4,0.0,0.049,-0.025,0.045,-0.001
ALX2017q1,0.0,-0.031,-0.037,-0.037,
RMD2017q1,0.0,-0.003,-0.016,-0.049,0.162
RMD2017q2,0.0,-0.002,0.035,-0.042,0.02
RMD2017q3,0.0,0.01,0.036,0.021,
CSRA2017q1,0.0,-0.026,-0.007,-0.049,0.002
CSRA2017q2,0.0,0.059,0.092,0.071,0.09
CSRA2017q3,0.0,0.018,-0.062,0.002,-0.036
EFII2016q3,0.0,0.054,-0.001,0.003,0.077
EFII2017q1,0.0,0.034,0.045,-0.001,
S2017q1,0.0,-0.01,0.1,-0.021,0.0
S2017q2,0.0,0.254,0.287,0.016,0.476
S2017q3,0.0,0.112,0.065,0.057,0.085
WBS2016q3,0.0,0.164,0.313,0.162,0.311
WBS2017q1,0.0,-0.064,-0.053,-0.047,
TIF2017q3,0.0,0.045,-0.034,0.033,0.148
TIF2017q4,0.0,0.031,-0.013,0.032,0.008
TIF2018q1,0.0,0.085,0.085,0.023,
BRKR2016q3,0.0,0.033,-0.005,0.033,0.085
BRKR2017q1,0.0,0.05,0.074,0.012,
ZION2016q2,0.0,0.015,0.075,-0.026,0.119
ZION2016q3,0.0,0.198,0.314,0.194,0.346
ZION2017q1,0.0,-0.022,-0.016,-0.016,
SMG2017q1,0.0,0.019,0.011,0.029,-0.019
SMG2017q2,0.0,-0.019,-0.068,-0.028,
CUZ2016q3,0.0,0.037,0.049,0.004,0.135
CUZ2017q1,0.0,-0.006,0.007,-0.012,
VMI2016q3,0.0,0.09,0.162,-0.021,0.162
VMI2017q1,0.0,-0.013,-0.038,-0.001,
WEC2016q3,0.0,-0.029,-0.028,-0.04,0.032
WEC2017q1,0.0,-0.001,0.041,-0.005,
HRL2017q1,0.0,-0.016,-0.023,-0.004,-0.011
HRL2017q2,0.0,0.005,-0.045,-0.024,
PPC2016q3,0.0,-0.105,-0.137,-0.002,-0.105
PPC2017q1,0.0,-0.037,-0.072,0.0,
GM2016q3,0.0,0.004,0.072,-0.004,0.184
GM2016q4,0.0,0.077,0.06,0.061,-0.022
GM2017q1,0.0,-0.029,-0.045,-0.025,
HXL2016q3,0.0,0.055,0.144,0.066,0.189
HXL2016q4,0.0,0.052,0.048,0.041,-0.017
HXL2017q1,0.0,-0.034,-0.047,-0.015,
LYV2016q3,0.0,0.016,0.013,0.028,0.037
LYV2017q1,0.0,0.065,0.109,0.065,
SPLK2017q3,0.0,-0.075,-0.011,-0.025,0.068
SPLK2018q1,0.0,-0.042,-0.068,-0.06,
CBU2016q3,0.0,0.16,0.27,0.103,0.212
CBU2017q1,0.0,-0.031,0.018,-0.045,
TECH2017q1,0.0,0.024,0.035,0.012,-0.025
TECH2017q2,0.0,0.03,0.047,0.017,0.071
TECH2017q3,0.0,0.002,0.013,-0.011,
CCK2016q3,0.0,-0.034,0.015,-0.02,0.001
CCK2017q1,0.0,0.004,0.017,0.012,
UAL2016q3,0.0,0.06,0.235,0.038,0.401
UAL2017q1,0.0,0.091,0.121,0.048,0.155
NTAP2017q1,0.0,-0.003,0.026,-0.018,0.052
NTAP2017q2,0.0,0.014,-0.019,0.013,0.169
NTAP2017q3,0.0,0.005,0.002,0.02,-0.034
HCA2016q3,0.0,0.017,-0.042,-0.018,0.094
HCA2017q1,0.0,-0.026,-0.016,-0.008,
JJSF2017q1,0.0,-0.012,0.018,-0.032,0.042
JJSF2017q2,0.0,-0.019,-0.024,-0.021,
TGNA2016q3,0.0,0.151,0.208,0.174,0.21
TGNA2017q1,0.0,-0.035,-0.362,-0.085,
VFC2016q3,0.0,0.064,0.044,0.054,-0.03
VFC2017q1,0.0,-0.049,0.003,-0.071,
SYMC2017q1,0.0,0.087,0.113,0.03,0.156
SYMC2017q2,0.0,0.014,0.004,0.064,0.177
SYMC2017q3,0.0,0.016,0.031,0.021,0.126
SUPN2017q1,0.0,0.05,0.248,0.02
PSA2016q3,0.0,0.004,0.028,0.054,0.065
PSA2017q1,0.0,0.041,0.03,0.004,
GVA2016q3,0.0,0.217,0.293,-0.017,0.228
GVA2017q1,0.0,-0.117,-0.125,-0.08,
AMKR2016q3,0.0,0.16,0.042,0.103,-0.098
AMKR2017q1,0.0,-0.075,-0.043,-0.015,
SCI2016q3,0.0,-0.005,0.067,-0.02,0.153
SCI2017q1,0.0,-0.028,-0.029,-0.026,
INN2016q3,0.0,0.119,0.154,0.035,0.257
INN2017q1,0.0,-0.011,0.093,-0.007,
TKR2016q3,0.0,0.158,0.201,-0.036,0.339
TKR2017q1,0.0,-0.011,-0.049,-0.032,
ATR2016q3,0.0,0.031,0.041,0.006,0.026
ATR2017q1,0.0,0.036,0.066,0.035,
MXIM2017q1,0.0,-0.022,0.007,-0.01,0.031
MXIM2017q2,0.0,0.008,0.008,-0.001,0.017
MXIM2017q3,0.0,0.013,0.043,-0.017,
ANSS2016q3,0.0,0.12,0.117,0.049,0.117
ANSS2017q1,0.0,0.007,0.084,0.003,
KLAC2017q1,0.0,0.037,0.12,0.038,0.119
KLAC2017q2,0.0,0.006,0.054,0.017,0.188
KLAC2017q3,0.0,0.024,0.072,0.028,
SAFM2016q4,0.0,0.062,0.065,0.055,0.057
SAFM2017q1,0.0,-0.029,0.055,-0.005,0.232
SAFM2017q2,0.0,0.087,0.071,0.032,
MA2016q3,0.0,-0.021,-0.011,-0.036,0.03
MA2017q1,0.0,0.003,0.045,-0.014,
MET2016q3,0.0,0.157,0.183,0.142,0.156
MET2017q1,0.0,-0.041,-0.022,-0.032,
BLL2016q3,0.0,-0.037,-0.043,-0.04,-0.082
BLL2017q1,0.0,0.009,0.026,0.015,
SANM2017q1,0.0,0.001,-0.023,-0.005,-0.088
SANM2017q2,0.0,-0.027,-0.004,-0.024,
OMC2016q3,0.0,-0.017,0.056,-0.009,0.062
OMC2016q4,0.0,0.008,0.005,0.008,-0.001
OMC2017q1,0.0,-0.011,-0.031,-0.028,
CHTR2016q3,0.0,0.073,0.078,0.095,0.309
CHTR2017q1,0.0,-0.052,0.026,-0.036,
SRE2016q3,0.0,-0.011,0.005,0.003,0.042
SRE2017q1,0.0,0.016,0.036,-0.008,
DLX2016q3,0.0,0.088,0.15,-0.022,0.212
DLX2017q1,0.0,-0.052,-0.02,-0.031,
YELP2016q3,0.0,0.018,-0.057,-0.046,0.089
YELP2017q1,0.0,-0.019,0.052,-0.034,
PYPL2016q3,0.0,-0.04,-0.075,-0.041,-0.037
PYPL2016q4,0.0,0.038,0.052,0.024,0.204
PYPL2017q1,0.0,0.054,0.086,0.037,
VRNT2017q3,0.0,-0.077,-0.047,-0.082,-0.023
VRNT2018q1,0.0,-0.061,-0.076,-0.054,
FIZZ2017q1,0.0,0.077,-0.048,0.104,0.112
FIZZ2017q2,0.0,-0.035,0.012,0.035,0.157
FIZZ2017q3,0.0,0.205,0.282,0.152,0.409
DHR2016q3,0.0,-0.045,-0.015,-0.023,0.011
DHR2017q1,0.0,0.014,-0.009,0.0,
TREX2016q3,0.0,0.191,0.179,0.138,0.165
TREX2017q1,0.0,-0.068,-0.004,-0.052,
MKTX2016q3,0.0,0.08,0.132,0.002,0.057
MKTX2017q1,0.0,-0.037,-0.007,-0.048,
FE2016q3,0.0,-0.065,-0.089,-0.058,-0.097
FE2017q1,0.0,-0.044,-0.041,-0.042,
HCP2016q3,0.0,-0.023,-0.049,-0.013,-0.001
HCP2016q4,0.0,0.058,-0.035,0.007,-0.019
HCP2017q1,0.0,0.004,0.019,-0.032,
WCG2016q3,0.0,0.06,0.141,0.056,0.194
WCG2016q4,0.0,-0.022,-0.018,-0.044,0.183
WCG2017q1,0.0,-0.006,0.026,0.017,
INGN2016q3,0.0,0.34,0.239,0.208,0.281
INGN2017q1,0.0,0.018,0.125,-0.018,
SMTC2017q3,0.0,0.144,0.123,0.133,0.19
SMTC2018q1,0.0,-0.058,-0.064,-0.047,
XLNX2017q1,0.0,0.021,0.067,0.007,-0.009
XLNX2017q2,0.0,0.018,0.068,0.007,0.179
XLNX2017q3,0.0,0.016,0.034,0.013,0.064
XLNX2017q4,0.0,0.016,0.009,0.042,
FNF2016q3,0.0,-0.018,-0.065,-0.049,0.047
FNF2017q1,0.0,0.004,0.057,-0.019,
PNW2016q3,0.0,-0.006,-0.009,-0.019,0.055
PNW2017q1,0.0,-0.01,0.051,-0.007,
EL2017q1,0.0,-0.056,-0.067,-0.015,-0.0
EL2017q2,0.0,0.015,0.016,0.008,0.071
EL2017q3,0.0,0.009,0.057,0.03,
MATW2017q1,0.0,-0.0,-0.024,-0.02,0.009
MATW2017q2,0.0,-0.048,-0.021,-0.004,
MSCC2016q4,0.0,0.015,0.029,0.035,-0.012
MSCC2017q1,0.0,0.003,-0.006,0.025,-0.084
MSCC2017q2,0.0,0.053,0.046,0.041,
LDOS2016q3,0.0,0.105,0.178,0.061,0.111
LDOS2017q1,0.0,-0.043,0.027,-0.033,
TXN2016q3,0.0,0.062,0.042,0.018,0.12
TXN2017q1,0.0,-0.014,0.023,0.009,
PB2016q3,0.0,0.184,0.254,0.174,0.328
PB2017q1,0.0,-0.04,-0.046,-0.025,
AGN2016q3,0.0,-0.017,-0.027,0.064,0.123
AGN2017q1,0.0,-0.072,-0.035,-0.056,
CCL2017q1,0.0,-0.031,0.042,-0.004,0.104
CCL2017q2,0.0,0.004,,0.004,
AVB2016q3,0.0,-0.054,-0.041,-0.023,0.018
AVB2017q1,0.0,0.005,-0.003,0.005,
SEIC2016q3,0.0,-0.041,0.048,-0.026,0.116
SEIC2017q1,0.0,0.002,-0.019,-0.003,
CBS2016q3,0.0,0.082,0.084,0.03,0.165
CBS2017q1,0.0,-0.054,-0.04,-0.017,
FBHS2016q3,0.0,0.057,0.015,0.029,0.04
FBHS2017q1,0.0,-0.013,-0.003,-0.003,
AMCX2016q3,0.0,0.046,0.028,0.008,0.111
AMCX2017q1,0.0,-0.05,-0.021,-0.008,
ETFC2016q3,0.0,0.237,0.266,0.145,0.358
ETFC2017q1,0.0,-0.07,-0.037,-0.029,
GPC2016q3,0.0,0.053,0.09,-0.024,0.086
GPC2017q1,0.0,-0.005,-0.021,-0.013,
GBCI2016q3,0.0,0.173,0.214,0.01,0.295
GBCI2017q1,0.0,0.003,-0.024,0.011,
STLD2016q2,0.0,-0.062,-0.08,-0.043,0.028
STLD2016q3,0.0,0.14,0.184,0.064,0.078
STLD2017q1,0.0,-0.048,-0.049,-0.032,
SIRI2016q3,0.0,0.051,0.123,0.005,0.129
SIRI2016q4,0.0,0.036,0.077,-0.007,0.021
SIRI2017q1,0.0,-0.036,0.056,-0.037,
ADI2016q4,0.0,-0.02,0.013,0.022,0.138
ADI2017q1,0.0,0.032,0.026,0.011,-0.001
ADI2017q2,0.0,-0.051,-0.088,-0.052,
ENS2017q1,0.0,0.117,0.051,0.088,0.026
ENS2017q2,0.0,0.166,0.218,0.139,0.159
ENS2017q3,0.0,-0.002,-0.023,0.015,0.07
CNC2016q3,0.0,0.022,-0.137,-0.052,-0.031
CNC2017q1,0.0,0.031,0.024,0.048,
WLTW2016q3,0.0,0.053,0.06,0.041,0.068
WLTW2017q1,0.0,-0.006,0.024,0.004,
MAS2016q3,0.0,0.003,0.066,-0.013,0.056
MAS2016q4,0.0,0.032,0.026,0.018,0.121
MAS2017q1,0.0,0.002,0.007,-0.004,
HAS2016q3,0.0,0.053,0.036,0.029,0.024
HAS2017q1,0.0,0.021,0.06,-0.023,
GRA2016q3,0.0,-0.001,-0.052,0.034,0.028
GRA2017q1,0.0,0.026,0.001,0.006,
ZBH2016q3,0.0,-0.01,0.026,-0.004,0.154
ZBH2017q1,0.0,-0.007,0.055,0.009,
RIG2016q3,0.0,0.166,0.437,0.103,0.504
RIG2017q1,0.0,-0.034,-0.161,0.038,
AERI2016q3,0.0,0.285,0.172,0.14,0.336
AERI2017q1,0.0,-0.03,0.396,0.015,
AMAT2017q1,0.0,0.034,0.078,0.009,0.245
AMAT2017q2,0.0,0.053,-0.021,0.022,
UNP2016q3,0.0,-0.021,0.101,-0.02,0.147
UNP2016q4,0.0,0.012,0.01,-0.006,0.03
UNP2017q1,0.0,-0.03,-0.021,-0.028,
D2016q3,0.0,-0.005,0.028,-0.03,-0.002
D2017q1,0.0,0.013,0.06,0.004,
SHOO2016q3,0.0,0.053,0.049,0.001,-0.102
SHOO2017q1,0.0,-0.018,0.027,-0.012,
DNB2016q3,0.0,-0.006,0.026,-0.013,0.035
STMP2016q3,0.0,0.087,0.099,0.044,0.216
STMP2017q1,0.0,0.179,0.306,0.037,
CNA2016q3,0.0,0.062,0.053,-0.002,0.154
CNA2017q1,0.0,-0.028,-0.011,-0.025,
WOR2017q1,0.0,0.0,0.085,-0.01,-0.033
WOR2017q2,0.0,-0.001,0.01,-0.014,-0.055
WOR2017q3,0.0,0.009,-0.012,-0.04,0.177
WOR2017q4,0.0,0.064,,0.06,
HP2017q1,0.0,-0.023,-0.009,-0.01,-0.16
HP2017q2,0.0,0.019,-0.098,-0.037,
MRCY2017q1,0.0,0.176,0.122,0.186,0.294
MRCY2017q2,0.0,0.067,0.085,0.067,0.14
MRCY2017q3,0.0,-0.031,-0.002,0.042,
HAL2016q3,0.0,0.031,0.063,-0.004,0.22
HAL2016q4,0.0,-0.019,-0.07,0.03,-0.171
HAL2017q1,0.0,-0.016,-0.003,-0.007,
TPX2016q3,0.0,0.129,0.161,0.12,-0.211
TPX2017q1,0.0,-0.023,0.005,-0.034,
MLM2016q3,0.0,0.16,0.174,0.183,0.208
MLM2017q1,0.0,-0.029,0.004,-0.041,
BIG2017q3,0.0,0.013,-0.094,-0.002,-0.046
BIG2018q1,0.0,-0.054,-0.054,0.011,
NSC2016q3,0.0,0.104,0.166,0.028,0.304
NSC2016q4,0.0,0.024,0.021,0.02,-0.014
NSC2017q1,0.0,-0.003,0.044,0.0,
BCR2016q3,0.0,0.019,-0.011,0.002,0.076
BCR2016q4,0.0,0.019,0.038,0.008,0.273
BCR2017q1,0.0,0.007,0.01,0.003,
CLX2017q1,0.0,-0.015,-0.014,-0.005,0.044
CLX2017q2,0.0,0.068,0.094,0.015,0.046
CLX2017q3,0.0,0.0,0.041,0.015,
TREE2016q3,0.0,0.224,0.387,0.049,0.368
TREE2017q1,0.0,0.074,0.117,0.042,
FULT2016q3,0.0,0.216,0.224,0.175,0.255
FULT2017q1,0.0,-0.054,-0.038,-0.043,
FSLR2016q3,0.0,-0.097,-0.126,-0.074,-0.096
SLB2016q3,0.0,-0.001,0.016,-0.028,0.063
SLB2016q4,0.0,-0.051,-0.057,-0.027,-0.128
SLB2017q1,0.0,-0.019,-0.054,-0.035,
GXP2016q3,0.0,-0.017,-0.04,-0.01,0.005
GXP2017q1,0.0,-0.015,0.027,-0.004,
LOPE2016q3,0.0,0.293,0.292,0.199,0.336
LOPE2017q1,0.0,0.02,0.076,0.052,
PCRX2016q3,0.0,0.094,-0.093,0.024,0.153
PCRX2017q1,0.0,0.027,-0.058,0.093,
ASGN2016q3,0.0,0.211,0.31,0.159,0.334
ASGN2017q1,0.0,0.007,0.053,-0.024,
IP2016q3,0.0,0.119,0.169,0.061,0.311
IP2017q1,0.0,-0.044,0.027,-0.022,
PGR2016q3,0.0,0.05,0.07,0.053,0.194
PGR2017q1,0.0,0.028,0.076,0.012,
RGLD2017q1,0.0,-0.084,-0.049,-0.031,-0.026
RGLD2017q2,0.0,0.006,-0.076,-0.011,-0.014
RGLD2017q3,0.0,0.131,0.103,0.134,
RRC2017q1,0.0,-0.052,-0.113,-0.026
HRC2017q1,0.0,0.032,0.119,0.007,0.223
HRC2017q2,0.0,-0.027,0.012,0.007,
AEE2016q3,0.0,-0.018,0.006,-0.032,0.076
AEE2017q1,0.0,0.015,0.044,0.003,
CNP2016q3,0.0,0.029,0.063,-0.0,0.156
CNP2017q1,0.0,-0.011,0.04,-0.018,
CLI2016q3,0.0,-0.028,0.007,-0.05,0.084
CLI2017q1,0.0,0.016,0.01,-0.007,
HPT2016q3,0.0,0.068,0.13,0.066,0.175
HPT2017q1,0.0,-0.027,-0.004,-0.05,
CBG2016q3,0.0,0.085,0.203,0.02,0.135
CBG2017q1,0.0,-0.055,-0.037,-0.079,
AMP2016q3,0.0,0.325,0.319,0.186,0.305
AMP2017q1,0.0,-0.038,-0.043,0.007,
LRCX2017q1,0.0,0.011,0.09,-0.021,0.15
LRCX2017q2,0.0,0.002,0.032,0.01,0.253
LRCX2017q3,0.0,0.046,0.073,0.047,
HII2016q3,0.0,0.189,0.22,0.162,0.308
HII2017q1,0.0,0.011,0.033,0.039,
TMHC2016q3,0.0,0.092,0.122,0.05,0.119
TMHC2017q1,0.0,0.009,0.027,-0.0,
DOV2016q3,0.0,-0.045,0.011,-0.012,0.133
DOV2016q4,0.0,0.015,-0.026,0.008,0.007
DOV2017q1,0.0,-0.033,0.043,-0.001,
MOS2013q3,0.0,0.017,0.004,-0.004,-0.058
MOS2016q3,0.0,0.149,0.208,0.076,0.286
MOS2017q1,0.0,-0.035,-0.042,-0.007,
QTS2016q3,0.0,0.038,0.067,-0.009,0.141
QTS2017q1,0.0,0.041,0.059,-0.014,
SLGN2016q3,0.0,-0.024,-0.005,0.013,0.184
SLGN2017q1,0.0,-0.002,0.046,0.009,
COHR2017q1,0.0,-0.036,-0.047,-0.008,0.139
COHR2017q2,0.0,-0.025,-0.007,-0.024,
UPL2017q1,0.0,0.007,-0.051,0.028
AWK2016q3,0.0,-0.002,0.006,0.002,0.018
AWK2017q1,0.0,-0.028,0.017,-0.026,
UPS2016q3,0.0,0.063,0.09,0.062,0.022
UPS2017q1,0.0,-0.028,0.014,-0.019,
CACI2017q1,0.0,0.239,0.307,0.045,0.256
CACI2017q2,0.0,-0.027,-0.037,-0.029,-0.094
CACI2017q3,0.0,-0.039,-0.012,-0.027,
FAST2016q3,0.0,0.019,0.164,0.009,0.223
FAST2016q4,0.0,0.006,0.028,-0.005,-0.099
FAST2017q1,0.0,-0.021,-0.07,-0.002,-0.038
RF2016q3,0.0,0.26,0.306,0.183,0.376
RF2017q1,0.0,-0.013,-0.052,-0.011,
MSG2017q1,0.0,0.068,0.056,0.058,0.083
MSG2017q2,0.0,-0.0,0.081,-0.019,0.159
MSG2017q3,0.0,0.001,0.015,0.03,
IDA2016q3,0.0,0.0,0.036,0.004,0.054
IDA2017q1,0.0,-0.01,0.062,-0.011,
AAP2016q3,0.0,0.033,0.052,0.036,-0.011
AAP2017q1,0.0,-0.018,-0.099,0.005,
ALXN2017q1,0.0,-0.061,-0.23,0.026
BYD2016q3,0.0,0.052,0.183,0.048,0.174
BYD2017q1,0.0,0.018,0.054,0.032,
PRA2016q3,0.0,0.051,0.116,0.017,0.147
PRA2017q1,0.0,-0.03,0.004,-0.014,
NVR2016q3,0.0,0.003,0.05,-0.014,0.115
NVR2017q1,0.0,0.038,0.083,0.025,
SNX2017q1,0.0,-0.028,-0.014,-0.056,0.089
SNX2017q2,0.0,0.008,,0.008,
GGG2016q3,0.0,0.028,0.116,0.036,0.188
GGG2017q1,0.0,0.107,0.096,0.086,
RPM2017q1,0.0,-0.045,-0.063,-0.046,0.078
RPM2017q2,0.0,-0.004,-0.003,0.012,0.051
RPM2017q3,0.0,0.001,0.022,-0.03,0.069
PX2016q3,0.0,0.031,0.022,-0.015,0.016
PX2017q1,0.0,0.029,0.052,0.007,
NOV2016q3,0.0,0.012,0.091,-0.032,0.187
NOV2017q1,0.0,-0.034,-0.063,-0.018,
UTHR2016q3,0.0,0.111,0.157,-0.025,0.346
UTHR2017q1,0.0,0.029,-0.008,0.018,
LXP2016q3,0.0,0.08,0.08,0.014,0.153
LXP2017q1,0.0,-0.006,0.022,-0.031,
POOL2016q3,0.0,0.053,0.109,-0.001,0.161
POOL2017q1,0.0,0.006,-0.001,0.011,
LSI2016q3,0.0,0.007,0.034,0.022,0.037
PG2017q1,0.0,0.006,-0.049,-0.001,0.013
PG2017q2,0.0,-0.0,0.042,-0.008,0.038
PG2017q3,0.0,-0.014,-0.006,-0.015,
OKE2016q3,0.0,0.067,0.174,0.06,0.196
OKE2017q1,0.0,-0.046,-0.05,-0.02,
DY2017q1,0.0,-0.01,0.069,-0.055,0.057
DY2017q2,0.0,-0.031,-0.037,-0.01,-0.148
DY2017q3,0.0,0.054,0.106,0.039,
AMG2016q3,0.0,0.079,0.186,0.078,0.189
AMG2017q1,0.0,-0.012,0.042,-0.006,
ESL2017q1,0.0,-0.033,-0.055,-0.045,-0.02
ESL2017q2,0.0,0.02,0.087,-0.01,
CSCO2017q1,0.0,-0.019,0.019,-0.002,0.139
CSCO2017q2,0.0,0.002,-0.005,0.001,-0.066
CSCO2017q3,0.0,-0.006,0.003,-0.003,
MTB2016q3,0.0,0.16,0.206,0.116,0.341
MTB2017q1,0.0,-0.01,-0.004,-0.007,
PANW2017q1,0.0,-0.074,-0.105,-0.044,0.108
PANW2017q2,0.0,0.015,-0.022,-0.006,0.016
PANW2017q3,0.0,-0.05,-0.037,0.002,
LH2016q3,0.0,0.007,0.028,-0.017,0.073
LH2017q1,0.0,-0.006,-0.0,0.016,
NVDA2017q3,0.0,-0.001,0.145,-0.003,0.147
NVDA2017q4,0.0,-0.002,0.06,-0.041,0.411
NVDA2018q1,0.0,0.075,0.156,0.057,
WM2016q3,0.0,0.031,0.095,-0.005,0.094
WM2017q1,0.0,0.011,-0.006,0.008,
DIS2017q1,0.0,0.009,0.019,0.012,0.022
DIS2017q2,0.0,-0.045,-0.069,-0.036,
MSA2016q3,0.0,0.131,0.152,0.015,0.242
MSA2017q1,0.0,0.002,0.024,0.018,
ES2016q3,0.0,-0.026,-0.028,-0.023,0.049
ES2017q1,0.0,0.009,0.055,0.006,
RYN2016q3,0.0,0.035,0.028,0.036,0.083
RYN2017q1,0.0,-0.001,0.029,-0.013,
SKT2016q3,0.0,0.006,0.011,-0.035,0.012
SKT2017q1,0.0,-0.132,-0.112,-0.08,
TCO2016q3,0.0,0.043,0.029,0.011,0.02
TCO2017q1,0.0,-0.062,-0.004,-0.022,
LB2017q3,0.0,-0.035,-0.084,0.034,-0.261
LB2018q1,0.0,-0.017,0.027,-0.003,
OII2016q3,0.0,0.119,0.202,0.046,0.197
OII2017q1,0.0,-0.009,-0.04,0.022,
COO2017q1,0.0,0.003,0.028,-0.001,0.122
COO2017q2,0.0,0.003,0.005,-0.004,
USG2016q3,0.0,-0.03,0.075,-0.045,0.13
USG2016q4,0.0,0.064,0.049,0.059,-0.036
USG2017q1,0.0,0.002,-0.071,-0.055,
GPT2016q3,0.0,-0.056,0.002,-0.043,0.018
GPT2017q1,0.0,-0.013,0.075,-0.02,
CY2016q3,0.0,0.038,0.021,0.011,0.154
CY2017q1,0.0,0.039,0.06,0.008,
MCO2016q3,0.0,-0.032,-0.016,-0.023,-0.014
MCO2017q1,0.0,-0.012,0.009,-0.013,
SIVB2016q3,0.0,0.247,0.369,0.212,0.414
SIVB2017q1,0.0,-0.035,-0.03,-0.065,
SPR2016q3,0.0,0.042,0.093,0.014,0.119
SPR2016q4,0.0,0.072,0.051,0.023,-0.034
SPR2017q1,0.0,-0.01,0.057,0.003,
BXP2016q3,0.0,0.025,0.092,0.068,0.114
BXP2017q1,0.0,-0.02,-0.015,-0.024,
EWBC2016q3,0.0,0.209,0.257,0.16,0.336
EWBC2017q1,0.0,0.003,0.017,0.015,
THS2016q3,0.0,-0.024,-0.037,-0.061,0.088
THS2017q1,0.0,-0.02,-0.003,-0.024,
PBCT2016q3,0.0,0.059,0.14,0.036,0.076
PBCT2017q1,0.0,-0.029,0.018,-0.039,
NUE2016q3,0.0,0.085,0.135,0.039,0.007
NUE2017q1,0.0,0.008,0.027,-0.036,
HALO2016q3,0.0,0.425,0.275,0.559,0.382
HALO2017q1,0.0,-0.079,-0.072,0.053,
SHO2016q3,0.0,0.153,0.205,0.078,0.237
SHO2017q1,0.0,0.003,0.021,-0.012,
PH2017q1,0.0,0.161,0.19,0.048,0.222
PH2017q2,0.0,0.056,0.061,0.036,0.086
PH2017q3,0.0,-0.008,-0.03,-0.017,
ZBRA2016q3,0.0,0.044,0.129,0.022,0.131
ZBRA2017q1,0.0,0.039,0.097,0.021,
VVC2016q3,0.0,-0.001,0.036,-0.015,0.144
VVC2017q1,0.0,0.012,0.048,0.006,
JBL2017q1,0.0,-0.002,0.049,0.014,0.234
JBL2017q2,0.0,0.036,0.034,0.022,0.058
JBL2017q3,0.0,0.009,,0.003,
BGCP2016q3,0.0,0.098,0.139,0.066,0.236
BGCP2017q1,0.0,0.017,0.111,-0.025,
DE2017q1,0.0,0.012,0.003,0.02,0.131
DE2017q2,0.0,0.024,-0.006,0.008,
FHN2016q3,0.0,0.189,0.307,0.17,0.29
FHN2017q1,0.0,-0.049,-0.052,-0.023,
UTX2016q3,0.0,0.083,0.094,0.01,0.122
UTX2016q4,0.0,0.024,0.025,0.024,0.11
UTX2017q1,0.0,0.015,0.03,0.02,
HFC2016q3,0.0,0.168,0.238,0.091,0.227
HFC2017q1,0.0,0.01,-0.065,0.065,
CVBF2016q3,0.0,0.19,0.262,0.158,0.24
CVBF2017q1,0.0,-0.047,0.032,-0.056,
CSGP2016q3,0.0,-0.045,0.058,-0.048,0.056
CSGP2017q1,0.0,0.068,0.094,0.05,
FDX2017q1,0.0,0.002,-0.021,0.009,0.145
FDX2017q2,0.0,-0.018,-0.033,-0.019,0.001
FDX2017q3,0.0,-0.0,-0.054,-0.026,0.069
FDX2017q4,0.0,0.04,,0.026,
RHP2016q3,0.0,0.082,0.14,0.051,0.211
RHP2017q1,0.0,-0.02,0.023,-0.026,
RGA2016q3,0.0,0.112,0.133,0.034,0.16
RGA2017q1,0.0,-0.025,-0.006,-0.019,
CF2016q3,0.0,0.212,0.27,0.214,0.579
CF2017q1,0.0,0.024,-0.014,0.016,
MTN2017q1,0.0,-0.028,-0.016,-0.038,0.09
MTN2017q2,0.0,-0.007,0.011,0.001,0.135
MTN2017q3,0.0,-0.001,-0.036,-0.026,
BLMN2016q3,0.0,0.102,0.093,0.09,0.005
BLMN2017q1,0.0,-0.021,-0.06,-0.008,
MSCI2016q3,0.0,0.017,0.027,0.005,0.045
MSCI2017q1,0.0,-0.004,0.052,-0.018,
SWK2016q2,0.0,0.016,0.001,0.005,-0.01
SWK2016q3,0.0,0.1,0.063,0.002,0.078
SWK2017q1,0.0,0.015,-0.004,0.001,
FOXA2017q1,0.0,0.066,0.061,0.063,0.215
FOXA2017q2,0.0,0.007,0.014,0.013,-0.057
FOXA2017q3,0.0,-0.037,0.01,-0.038,
KR2017q3,0.0,0.022,-0.026,0.031,-0.163
KR2018q1,0.0,-0.007,,0.034,
EVHC2017q1,0.0,-0.028,-0.032,-0.017
BRO2016q3,0.0,0.151,0.181,0.091,0.121
BRO2017q1,0.0,-0.023,0.017,-0.018,
GNTX2016q3,0.0,0.089,0.126,0.039,0.268
GNTX2017q1,0.0,-0.061,-0.043,-0.013,
LPNT2016q2,0.0,-0.021,-0.061,-0.014,0.03
LPNT2016q3,0.0,-0.115,-0.047,-0.021,0.015
LPNT2017q1,0.0,0.002,0.003,0.002,
HON2016q3,0.0,-0.007,0.035,0.008,0.082
HON2016q4,0.0,0.032,0.048,0.022,0.088
HON2017q1,0.0,0.034,0.039,0.032,
TSS2016q3,0.0,0.027,-0.019,0.006,0.037
TSS2017q1,0.0,0.004,0.029,0.007,
HA2016q3,0.0,-0.069,0.055,-0.05,0.178
HA2017q1,0.0,0.01,-0.038,0.02,
BBBY2017q3,0.0,-0.025,-0.049,-0.037,-0.072
BBBY2018q1,0.0,-0.051,,-0.023,
EXP2017q1,0.0,-0.06,-0.035,-0.065,-0.069
EXP2017q2,0.0,0.055,0.194,0.014,0.262
EXP2017q3,0.0,-0.003,-0.018,0.003,-0.063
BMRN2016q3,0.0,0.154,0.046,0.19,0.115
BMRN2017q1,0.0,-0.08,-0.072,-0.087,
URBN2017q3,0.0,-0.146,-0.176,-0.097,-0.236
NYLD2016q3,0.0,0.0,-0.023,-0.032,0.111
NYLD2017q1,0.0,-0.006,0.056,-0.017,
LTC2016q3,0.0,-0.047,-0.047,-0.056,-0.006
LTC2017q1,0.0,0.038,0.039,0.028,
CBT2017q1,0.0,0.021,0.018,0.024,-0.067
CBT2017q2,0.0,-0.032,-0.016,-0.02,
ALGN2016q3,0.0,0.064,0.118,0.058,0.057
ALGN2017q1,0.0,-0.03,0.055,-0.031,
SRPT2016q3,0.0,-0.032,-0.127,0.007,-0.245
SRPT2017q1,0.0,0.073,-0.061,0.004,
EQIX2016q3,0.0,-0.016,-0.024,-0.045,0.137
EQIX2017q1,0.0,0.001,0.047,0.011,
CHE2016q3,0.0,0.08,0.093,0.002,0.205
CHE2017q1,0.0,0.013,0.009,0.019,
RXN2017q1,0.0,0.013,0.051,0.01,-0.066
RXN2017q2,0.0,0.208,0.174,0.162,0.279
RXN2017q3,0.0,0.022,0.052,0.018,0.112
EW2016q3,0.0,-0.054,-0.108,-0.068,-0.018
EW2017q1,0.0,0.008,0.042,0.008,
KORS2017q1,0.0,0.023,-0.028,0.004,0.024
KORS2017q2,0.0,-0.061,-0.046,-0.062,-0.289
KORS2017q3,0.0,-0.042,-0.009,0.006,-0.043
ACHC2016q3,0.0,0.021,0.022,0.064,0.035
ACHC2017q1,0.0,0.05,-0.001,0.073,
TRMB2016q3,0.0,0.027,0.13,0.063,0.13
TRMB2017q1,0.0,-0.007,0.028,-0.008,
MUSA2016q3,0.0,0.019,0.05,-0.117,-0.027
MUSA2017q1,0.0,0.038,0.076,0.041,
WU2016q3,0.0,0.043,0.051,0.034,0.001
WU2017q1,0.0,-0.049,-0.034,-0.032,
TMUS2016q2,0.0,0.034,0.007,0.034,0.087
TMUS2016q3,0.0,-0.016,0.062,-0.029,0.165
TMUS2016q4,0.0,0.015,0.013,0.026,0.066
TMUS2017q1,0.0,0.003,0.03,0.036,
OZRK2016q3,0.0,0.3,0.419,0.235,0.472
OZRK2017q1,0.0,-0.026,-0.063,-0.024,
MDSO2016q3,0.0,0.197,0.119,0.142,0.068
MDSO2017q1,0.0,0.063,0.138,0.013,
CASY2017q1,0.0,-0.107,-0.113,-0.099,-0.082
CASY2017q2,0.0,0.009,-0.059,-0.015,-0.114
CASY2017q3,0.0,-0.025,-0.041,-0.049,0.021
CAB2016q3,0.0,-0.012,0.006,-0.014,-0.077
CAB2017q1,0.0,-0.041,-0.038,0.003,
WCC2016q3,0.0,0.199,0.349,0.171,0.328
WCC2017q1,0.0,-0.02,-0.017,-0.014,
JWN2017q3,0.0,0.035,-0.143,0.016,-0.149
JWN2018q1,0.0,0.132,0.144,-0.032,
SSNC2016q3,0.0,0.023,-0.085,-0.028,0.017
SSNC2017q1,0.0,-0.012,0.035,-0.018,
DPZ2016q3,0.0,0.051,0.013,0.034,0.051
DPZ2017q1,0.0,0.053,0.116,0.026,
SPLS2017q3,0.0,0.036,0.069,0.065,0.026
SPLS2017q4,0.0,0.018,0.165,0.032,0.086
SPLS2018q1,0.0,-0.003,0.0,-0.034,
AZPN2017q1,0.0,0.037,0.13,0.026,0.201
AZPN2017q2,0.0,-0.007,0.041,-0.034,0.101
AZPN2017q3,0.0,-0.049,0.003,-0.053,
AAL2016q3,0.0,-0.027,0.143,-0.017,0.155
AAL2017q1,0.0,0.058,0.111,-0.002,
BECN2017q1,0.0,0.013,0.036,0.004,0.096
BECN2017q2,0.0,-0.026,-0.004,-0.017,
IR2016q2,0.0,0.034,0.031,0.026,-0.011
IR2016q3,0.0,0.12,0.148,0.014,0.206
IR2016q4,0.0,-0.008,-0.025,-0.012,0.096
IR2017q1,0.0,-0.002,0.008,0.005,
AVA2016q3,0.0,0.012,0.01,0.036,-0.041
AVA2017q1,0.0,0.032,0.093,0.02,
BKU2016q3,0.0,0.183,0.27,0.165,0.292
BKU2017q1,0.0,-0.017,-0.023,-0.007,
JNJ2016q3,0.0,0.009,-0.021,0.029,-0.009
JNJ2017q1,0.0,0.033,0.068,0.03,
EXR2016q3,0.0,-0.015,-0.021,0.029,0.016
EXR2017q1,0.0,0.042,0.042,-0.013,
ORLY2016q3,0.0,0.059,0.068,0.033,-0.005
ORLY2017q1,0.0,-0.021,-0.075,0.017,
CB2016q3,0.0,0.007,0.027,0.016,0.062
CB2017q1,0.0,0.002,0.049,-0.008,
NEE2016q3,0.0,-0.086,-0.096,-0.006,-0.02
NEE2017q1,0.0,0.01,0.032,0.004,
STL2016q3,0.0,0.217,0.29,0.127,0.344
STL2017q1,0.0,-0.027,-0.06,0.018,
XPO2016q3,0.0,0.157,0.341,0.14,0.247
XPO2017q1,0.0,-0.04,0.075,-0.014,
IIVI2017q1,0.0,0.111,0.109,0.023,0.307
IIVI2017q2,0.0,0.1,-0.021,0.066,-0.216
IIVI2017q3,0.0,0.167,0.088,0.098,
LOW2017q3,0.0,0.056,0.009,0.025,0.086
LOW2018q1,0.0,0.022,-0.027,0.012,
HD2017q3,0.0,-0.012,0.039,-0.005,0.098
HD2018q1,0.0,0.002,0.01,-0.0,
ENR2017q1,0.0,0.035,0.071,0.021,0.109
ENR2017q2,0.0,-0.082,-0.007,-0.041,
ENR2017q1,0.0,0.035,0.071,0.021,0.109
ENR2017q2,0.0,-0.082,-0.007,-0.041,
BCPC2016q3,0.0,0.113,0.145,0.106,0.216
BCPC2017q1,0.0,-0.034,-0.007,-0.034,
WEX2016q3,0.0,0.029,0.114,-0.016,0.096
WEX2017q1,0.0,0.014,0.039,0.019,
EEFT2016q3,0.0,-0.06,-0.034,-0.023,-0.092
EEFT2017q1,0.0,-0.006,0.048,0.0,
TSO2016q3,0.0,0.073,0.069,0.041,0.018
TSO2017q1,0.0,0.001,0.079,-0.019,
INTC2016q3,0.0,-0.004,0.003,0.002,0.098
INTC2017q1,0.0,-0.039,-0.024,-0.008,
RHT2017q1,0.0,0.012,0.062,0.029,0.115
RHT2017q2,0.0,-0.013,-0.053,-0.022,-0.108
RHT2017q3,0.0,0.011,0.069,-0.001,0.171
RHT2018q1,0.0,0.054,,0.067,
WERN2016q3,0.0,0.104,0.149,0.041,0.154
WERN2017q1,0.0,-0.042,0.004,-0.031,
BPOP2016q3,0.0,0.095,0.181,0.099,0.15
BPOP2017q1,0.0,-0.06,-0.021,-0.062,
EA2017q1,0.0,0.046,0.044,-0.008,0.03
EA2017q2,0.0,-0.046,-0.046,-0.047,0.0
EA2017q3,0.0,0.065,0.083,0.047,0.164
NWL2016q3,0.0,-0.046,-0.1,-0.067,-0.119
NWL2017q1,0.0,-0.005,0.007,-0.017,
WMB2016q3,0.0,0.032,0.051,0.002,-0.018
WMB2017q1,0.0,0.013,-0.022,0.025,
AEL2016q3,0.0,0.178,0.272,0.187,0.326
AEL2017q1,0.0,0.03,0.004,0.031,
OXY2016q3,0.0,-0.007,0.033,-0.031,-0.005
OXY2017q1,0.0,0.039,0.046,0.053,
LLL0q1,0.0,0.093,0.14,-0.027,0.091
LLL2017q1,0.0,-0.034,-0.035,-0.034,
PDM2016q3,0.0,-0.031,-0.024,-0.033,0.087
PDM2017q1,0.0,-0.001,-0.009,-0.013,
UNF2017q1,0.0,-0.047,-0.051,-0.016,0.02
UNF2017q2,0.0,0.008,0.016,-0.027,0.043
UNF2017q3,0.0,-0.028,,-0.003,
PTEN2016q3,0.0,0.004,0.186,-0.036,0.261
PTEN2016q4,0.0,-0.067,-0.117,-0.042,-0.256
PTEN2017q1,0.0,0.01,0.006,-0.015,
AZO2017q1,0.0,0.009,-0.012,0.019,-0.076
AZO2017q2,0.0,-0.039,-0.026,-0.011,-0.177
AZO2017q3,0.0,-0.065,-0.166,-0.056,
ICUI2016q3,0.0,0.004,0.002,-0.021,-0.034
ICUI2017q1,0.0,-0.024,0.024,-0.005,
GLW2016q3,0.0,0.012,0.066,-0.026,0.149
GLW2016q4,0.0,0.035,0.05,0.001,0.093
GLW2017q1,0.0,0.019,0.036,0.017,
SJM2017q1,0.0,-0.024,-0.036,0.015,-0.086
SJM2017q2,0.0,-0.001,0.018,0.003,0.077
SJM2017q3,0.0,-0.012,-0.058,-0.005,-0.091
AVT2017q1,0.0,0.052,0.12,-0.001,0.141
AVT2017q2,0.0,0.006,0.011,0.006,-0.164
AVT2017q3,0.0,-0.002,-0.006,-0.001,
DGX2016q3,0.0,-0.03,0.022,-0.039,0.108
DGX2017q1,0.0,0.037,0.025,0.021,
COLM2016q3,0.0,0.074,0.05,0.054,-0.021
COLM2017q1,0.0,-0.078,-0.018,-0.004,
WRE2016q3,0.0,0.08,0.109,0.029,0.139
WRE2017q1,0.0,-0.021,0.025,-0.013,
WLL2016q3,0.0,-0.009,0.152,-0.065,0.388
WLL2017q1,0.0,-0.001,-0.067,-0.088,
DVA2016q3,0.0,0.042,0.108,0.023,0.1
DVA2017q1,0.0,-0.114,-0.038,-0.06,
HOLX2016q3,0.0,0.036,0.043,0.048,0.013
HOLX2017q1,0.0,0.011,0.042,0.009,0.145
HOLX2017q2,0.0,-0.064,-0.028,-0.067,
CELG2016q3,0.0,0.156,0.156,-0.023,0.074
CELG2016q4,0.0,0.023,0.073,0.048,0.039
CELG2017q1,0.0,-0.036,-0.058,0.004,
NUS2016q3,0.0,0.008,-0.051,-0.019,-0.026
NUS2017q1,0.0,0.023,0.05,0.075,
CVS2016q3,0.0,0.001,0.062,0.021,0.041
CVS2016q4,0.0,0.046,0.04,0.028,0.056
CVS2017q1,0.0,0.002,-0.009,0.027,
UNH2016q3,0.0,0.066,0.119,0.065,0.128
UNH2016q4,0.0,0.002,0.064,0.025,0.085
UNH2017q1,0.0,0.001,0.05,-0.017,
CLH2016q3,0.0,0.125,0.223,0.071,0.269
CLH2017q1,0.0,-0.026,0.016,0.023,
MIDD2016q3,0.0,0.13,0.184,0.116,0.148
MIDD2017q1,0.0,-0.044,-0.026,-0.044,
ORCL2017q1,0.0,-0.006,-0.019,-0.005,0.001
ORCL2017q2,0.0,-0.012,0.013,-0.003,0.104
ORCL2017q3,0.0,-0.023,-0.032,-0.022,-0.013
ORCL2017q4,0.0,-0.022,,-0.027,
SLCA2016q3,0.0,0.029,0.199,0.056,0.354
SLCA2017q1,0.0,-0.119,-0.125,-0.071,
BAX2016q3,0.0,-0.012,-0.071,-0.055,0.024
BAX2017q1,0.0,0.02,0.07,0.007,
CAH2017q1,0.0,0.032,0.032,0.009,0.099
CAH2017q2,0.0,0.046,0.054,0.014,-0.069
CAH2017q3,0.0,-0.005,0.028,-0.008,
IDCC2016q3,0.0,0.074,0.163,-0.006,0.327
IDCC2017q1,0.0,-0.058,-0.096,-0.078,
