"Date","Price","Open","High","Low","Vol.","Change %"
"Oct 11, 2017","17.62","17.60","17.63","17.58","27.78K","0.17"
"Oct 10, 2017","17.59","17.56","17.61","17.52","54.49K","0.46"
"Oct 06, 2017","17.51","17.54","17.54","17.47","20.63K","-0.28"
"Oct 05, 2017","17.56","17.54","17.58","17.54","8.36K","0.17"
"Oct 04, 2017","17.53","17.52","17.54","17.51","17.69K","0.11"
"Oct 03, 2017","17.51","17.49","17.54","17.49","30.07K","0.11"
"Oct 02, 2017","17.49","17.41","17.50","17.41","32.09K","0.40"
"Sep 29, 2017","17.42","17.45","17.47","17.42","14.62K","-0.06"
"Sep 28, 2017","17.43","17.40","17.43","17.38","26.76K","0.23"
"Sep 27, 2017","17.39","17.32","17.39","17.31","38.59K","0.35"
"Sep 26, 2017","17.33","17.38","17.38","17.33","12.17K","-0.29"
"Sep 25, 2017","17.38","17.28","17.39","17.28","18.29K","0.64"
"Sep 22, 2017","17.27","17.30","17.30","17.27","21.44K","-0.12"
"Sep 21, 2017","17.29","17.25","17.32","17.25","36.31K","0.23"
"Sep 20, 2017","17.25","17.21","17.25","17.20","48.14K","0.29"
"Sep 19, 2017","17.20","17.14","17.21","17.14","30.38K","0.41"
"Sep 18, 2017","17.13","17.04","17.13","17.04","31.21K","0.65"
"Sep 15, 2017","17.02","17.07","17.07","17.02","9.44K","-0.35"
"Sep 14, 2017","17.08","17.03","17.08","17.03","32.09K","0.29"
"Sep 13, 2017","17.03","17.01","17.04","17.00","50.12K","0.12"
"Sep 12, 2017","17.01","16.94","17.02","16.94","21.77K","0.53"
"Sep 11, 2017","16.92","16.92","16.94","16.90","23.29K","0.48"
"Sep 08, 2017","16.84","16.88","16.88","16.83","25.05K","-0.30"
"Sep 07, 2017","16.89","16.92","16.92","16.87","20.27K","-0.12"
"Sep 06, 2017","16.91","16.95","16.97","16.90","24.69K","-0.06"
"Sep 05, 2017","16.92","17.03","17.03","16.85","37.51K","-0.70"
"Sep 01, 2017","17.04","17.03","17.06","17.02","11.43K","0.18"
"Aug 31, 2017","17.01","16.96","17.01","16.95","55.89K","0.41"
"Aug 30, 2017","16.94","16.83","16.95","16.83","14.84K","0.65"
"Aug 29, 2017","16.83","16.72","16.83","16.68","26.70K","0.18"
"Aug 28, 2017","16.80","16.91","16.91","16.78","32.69K","-0.88"
"Aug 25, 2017","16.95","16.99","16.99","16.95","40.33K","0.00"
"Aug 24, 2017","16.95","16.97","16.99","16.94","39.51K","-0.12"
"Aug 23, 2017","16.97","16.86","16.99","16.86","46.63K","0.59"
"Aug 22, 2017","16.87","16.84","16.90","16.84","21.70K","0.24"
"Aug 21, 2017","16.83","16.85","16.86","16.82","47.64K","-0.12"
"Aug 18, 2017","16.85","16.89","16.89","16.81","47.23K","-0.35"
"Aug 17, 2017","16.91","16.96","17.01","16.91","37.86K","-0.47"
"Aug 16, 2017","16.99","17.03","17.05","16.99","13.61K","0.06"
"Aug 15, 2017","16.98","17.05","17.05","16.96","8.68K","-0.12"
"Aug 14, 2017","17.00","16.98","17.08","16.98","45.12K","0.47"
"Aug 11, 2017","16.92","16.93","16.93","16.87","63.25K","-0.24"
"Aug 10, 2017","16.96","17.09","17.09","16.95","56.55K","-0.93"
"Aug 09, 2017","17.12","17.18","17.21","17.11","14.52K","-0.35"
"Aug 08, 2017","17.18","17.21","17.21","17.15","33.83K","-0.17"
"Aug 04, 2017","17.21","17.17","17.21","17.16","48.48K","0.41"
"Aug 03, 2017","17.14","17.25","17.25","17.11","23.04K","-0.46"
"Aug 02, 2017","17.22","17.17","17.27","17.17","14.96K","0.35"
"Aug 01, 2017","17.16","17.17","17.17","17.08","29.01K","0.06"
"Jul 31, 2017","17.15","17.13","17.17","17.08","34.97K","0.29"
"Jul 28, 2017","17.10","17.09","17.10","17.05","23.37K","-0.23"
"Jul 27, 2017","17.14","17.17","17.19","17.06","32.93K","0.00"
"Jul 26, 2017","17.14","17.22","17.23","17.14","19.60K","-0.52"
"Jul 25, 2017","17.23","17.25","17.31","17.21","16.09K","0.17"
"Jul 24, 2017","17.20","17.22","17.22","17.15","31.35K","-0.12"
"Jul 21, 2017","17.22","17.25","17.25","17.17","25.24K","-0.29"
"Jul 20, 2017","17.27","17.30","17.33","17.26","25.70K","0.06"
"Jul 19, 2017","17.26","17.17","17.27","17.16","23.61K","0.70"
"Jul 18, 2017","17.14","17.14","17.14","17.08","29.80K","-0.12"
"Jul 17, 2017","17.16","17.22","17.22","17.16","30.26K","-0.41"
"Jul 14, 2017","17.23","17.14","17.23","17.14","15.20K","0.47"
"Jul 13, 2017","17.15","17.17","17.18","17.14","26.29K","-0.06"
"Jul 12, 2017","17.16","17.24","17.28","17.16","14.87K","0.06"
"Jul 11, 2017","17.15","17.15","17.15","17.09","14.53K","0.00"
"Jul 10, 2017","17.15","17.09","17.18","17.09","33.50K","0.18"
"Jul 07, 2017","17.12","17.14","17.14","17.01","41.37K","-0.12"
"Jul 06, 2017","17.14","17.16","17.22","17.13","23.26K","-0.41"
"Jul 05, 2017","17.21","17.20","17.23","17.13","8.63K","0.12"
"Jul 04, 2017","17.19","17.27","17.27","17.17","19.66K","-0.12"
"Jun 30, 2017","17.21","17.21","17.23","17.13","15.51K","0.00"
"Jun 29, 2017","17.21","17.39","17.39","17.16","125.96K","-0.86"
"Jun 28, 2017","17.36","17.28","17.37","17.25","15.87K","0.64"
"Jun 27, 2017","17.25","17.25","17.27","17.21","22.43K","-0.40"
"Jun 26, 2017","17.32","17.35","17.36","17.29","20.38K","0.06"
"Jun 23, 2017","17.31","17.24","17.33","17.20","21.09K","0.46"
"Jun 22, 2017","17.23","17.14","17.28","17.14","32.98K","0.76"
"Jun 21, 2017","17.10","17.20","17.23","17.10","17.82K","-0.58"
"Jun 20, 2017","17.20","17.27","17.27","17.18","9.13K","-0.69"
"Jun 19, 2017","17.32","17.28","17.39","17.27","23.53K","0.52"
"Jun 16, 2017","17.23","17.13","17.23","17.10","27.14K","0.53"
"Jun 15, 2017","17.14","17.10","17.14","17.09","24.98K","-0.17"
"Jun 14, 2017","17.17","17.28","17.28","17.17","35.09K","-0.69"
"Jun 13, 2017","17.29","17.27","17.29","17.24","15.35K","0.17"
"Jun 12, 2017","17.26","17.32","17.44","17.23","19.53K","-0.23"
"Jun 09, 2017","17.30","17.22","17.31","17.22","16.36K","0.58"
"Jun 08, 2017","17.20","17.12","17.20","17.11","17.08K","0.35"
"Jun 07, 2017","17.14","17.21","17.24","17.12","24.40K","-0.41"
"Jun 06, 2017","17.21","17.18","17.21","17.15","21.84K","0.00"
"Jun 05, 2017","17.21","17.21","17.22","17.14","33.37K","-0.12"
"Jun 02, 2017","17.23","17.24","17.25","17.20","23.00K","-0.06"
"Jun 01, 2017","17.24","17.13","17.27","17.07","30.09K","1.00"
"May 31, 2017","17.07","17.07","17.07","16.98","25.36K","-0.06"
"May 30, 2017","17.08","17.15","17.16","17.07","27.28K","-0.41"
"May 29, 2017","17.15","17.12","17.17","17.12","15.99K","0.18"
"May 26, 2017","17.12","17.18","17.18","17.10","13.82K","-0.64"
"May 25, 2017","17.23","17.27","17.30","17.17","36.20K","0.06"
"May 24, 2017","17.22","17.28","17.28","17.18","43.83K","-0.35"
"May 23, 2017","17.28","17.32","17.32","17.28","26.07K","0.29"
"May 19, 2017","17.23","17.09","17.26","17.09","34.28K","0.94"
"May 18, 2017","17.07","16.98","17.09","16.93","18.74K","0.29"
"May 17, 2017","17.02","17.23","17.23","17.02","34.10K","-1.56"
"May 16, 2017","17.29","17.39","17.41","17.27","29.62K","-0.40"
"May 15, 2017","17.36","17.39","17.39","17.35","22.82K","0.29"
"May 12, 2017","17.31","17.37","17.37","17.30","19.05K","-0.23"
"May 11, 2017","17.35","17.56","17.56","17.33","133.13K","-2.03"
"May 10, 2017","17.71","17.69","17.72","17.65","13.17K","0.28"
"May 09, 2017","17.66","17.73","17.74","17.63","19.40K","-0.51"
"May 08, 2017","17.75","17.69","17.75","17.67","40.25K","0.51"
"May 05, 2017","17.66","17.55","17.68","17.55","15.89K","0.63"
"May 04, 2017","17.55","17.70","17.70","17.53","13.50K","-0.85"
"May 03, 2017","17.70","17.75","17.78","17.67","17.40K","-0.34"
"May 02, 2017","17.76","17.69","17.78","17.67","27.13K","0.57"
"May 01, 2017","17.66","17.66","17.69","17.65","24.75K","0.63"
"Apr 28, 2017","17.55","17.52","17.58","17.50","8.94K","0.29"
"Apr 27, 2017","17.50","17.61","17.61","17.45","36.11K","-0.68"
"Apr 26, 2017","17.62","17.72","17.72","17.62","24.64K","-0.51"
"Apr 25, 2017","17.71","17.65","17.75","17.65","26.76K","0.17"
"Apr 24, 2017","17.68","17.64","17.70","17.64","28.21K","0.74"
"Apr 21, 2017","17.55","17.54","17.60","17.53","16.94K","0.06"
"Apr 20, 2017","17.54","17.52","17.59","17.52","13.00K","0.23"
"Apr 19, 2017","17.50","17.58","17.60","17.49","33.77K","-0.11"
"Apr 18, 2017","17.52","17.57","17.58","17.47","17.19K","-0.40"
"Apr 17, 2017","17.59","17.47","17.59","17.47","60.94K","0.74"
"Apr 13, 2017","17.46","17.60","17.60","17.45","33.62K","-0.91"
"Apr 12, 2017","17.62","17.66","17.66","17.61","46.82K","-0.17"
"Apr 11, 2017","17.65","17.67","17.67","17.56","40.08K","-0.11"
"Apr 10, 2017","17.67","17.62","17.70","17.61","135.89K","0.40"
"Apr 07, 2017","17.60","17.59","17.63","17.54","14.03K","0.06"
"Apr 06, 2017","17.59","17.52","17.62","17.52","47.90K","0.51"
"Apr 05, 2017","17.50","17.62","17.62","17.50","29.83K","-0.34"
"Apr 04, 2017","17.56","17.45","17.56","17.45","42.47K","0.29"
"Apr 03, 2017","17.51","17.55","17.55","17.42","24.93K","-0.06"
"Mar 31, 2017","17.52","17.53","17.54","17.50","20.96K","-0.06"
"Mar 30, 2017","17.53","17.57","17.60","17.50","21.89K","-0.23"
"Mar 29, 2017","17.57","17.54","17.58","17.52","22.02K","0.17"
"Mar 28, 2017","17.54","17.45","17.55","17.45","20.72K","0.23"
"Mar 27, 2017","17.50","17.40","17.50","17.32","30.01K","0.29"
"Mar 24, 2017","17.45","17.49","17.52","17.44","20.96K","0.11"
"Mar 23, 2017","17.43","17.32","17.48","17.30","78.86K","0.81"
"Mar 22, 2017","17.29","17.20","17.29","17.18","35.77K","0.06"
"Mar 21, 2017","17.28","17.41","17.45","17.24","76.26K","-0.69"
"Mar 20, 2017","17.40","17.48","17.49","17.37","39.60K","-0.51"
"Mar 17, 2017","17.49","17.57","17.60","17.49","35.93K","-0.34"
"Mar 16, 2017","17.55","17.55","17.59","17.55","13.50K","0.29"
"Mar 15, 2017","17.50","17.45","17.53","17.45","15.99K","0.34"
"Mar 14, 2017","17.44","17.53","17.53","17.42","47.94K","-0.68"
"Mar 13, 2017","17.56","17.55","17.59","17.54","45.71K","0.17"
"Mar 10, 2017","17.53","17.48","17.53","17.46","50.54K","0.46"
"Mar 09, 2017","17.45","17.45","17.51","17.40","41.80K","-0.06"
"Mar 08, 2017","17.46","17.57","17.60","17.46","13.14K","-0.46"
"Mar 07, 2017","17.54","17.52","17.57","17.52","37.07K","0.06"
"Mar 06, 2017","17.53","17.48","17.54","17.40","37.14K","0.17"
"Mar 03, 2017","17.50","17.50","17.51","17.49","19.36K","0.06"
"Mar 02, 2017","17.49","17.48","17.53","17.46","38.79K","0.17"
"Mar 01, 2017","17.46","17.43","17.50","17.42","57.47K","1.10"
"Feb 28, 2017","17.27","17.34","17.36","17.27","108.94K","-0.86"
"Feb 27, 2017","17.42","17.42","17.42","17.28","31.98K","0.00"
"Feb 24, 2017","17.42","17.58","17.58","17.38","44.52K","-1.02"
"Feb 23, 2017","17.60","17.73","17.73","17.60","29.78K","-0.68"
"Feb 22, 2017","17.72","17.70","17.75","17.70","22.59K","0.06"
"Feb 21, 2017","17.71","17.75","17.77","17.71","22.87K","0.11"
"Feb 17, 2017","17.69","17.65","17.70","17.63","17.67K","0.06"
"Feb 16, 2017","17.68","17.68","17.72","17.66","73.02K","0.00"
"Feb 15, 2017","17.68","17.67","17.71","17.67","19.60K","0.17"
"Feb 14, 2017","17.65","17.65","17.67","17.61","19.82K","0.11"
"Feb 13, 2017","17.63","17.63","17.65","17.61","15.84K","0.23"
"Feb 10, 2017","17.59","17.57","17.59","17.56","26.70K","0.57"
"Feb 09, 2017","17.49","17.49","17.54","17.48","21.34K","0.17"
"Feb 08, 2017","17.46","17.40","17.46","17.35","20.18K","0.40"
"Feb 07, 2017","17.39","17.37","17.39","17.35","16.86K","0.06"
"Feb 06, 2017","17.38","17.45","17.45","17.36","53.64K","-0.34"
"Feb 03, 2017","17.44","17.37","17.48","17.37","34.09K","0.69"
"Feb 02, 2017","17.32","17.29","17.35","17.29","32.65K","0.12"
"Feb 01, 2017","17.30","17.31","17.34","17.22","53.04K","0.12"
"Jan 31, 2017","17.28","17.27","17.29","17.20","22.00K","-0.12"
"Jan 30, 2017","17.30","17.47","17.47","17.26","59.36K","-0.92"
"Jan 27, 2017","17.46","17.59","17.59","17.46","50.74K","-0.57"
"Jan 26, 2017","17.56","17.59","17.59","17.54","54.20K","-0.57"
"Jan 25, 2017","17.66","17.60","17.70","17.60","37.15K","0.40"
"Jan 24, 2017","17.59","17.40","17.59","17.40","45.23K","1.32"
"Jan 23, 2017","17.36","17.45","17.45","17.33","15.94K","-0.57"
"Jan 20, 2017","17.46","17.44","17.52","17.44","36.76K","0.46"
"Jan 19, 2017","17.38","17.37","17.41","17.36","37.66K","0.29"
"Jan 18, 2017","17.33","17.43","17.43","17.33","71.32K","-0.46"
"Jan 17, 2017","17.41","17.42","17.48","17.41","30.33K","-0.23"
"Jan 16, 2017","17.45","17.50","17.50","17.42","24.80K","-0.17"
"Jan 13, 2017","17.48","17.45","17.50","17.43","60.43K","0.17"
"Jan 12, 2017","17.45","17.49","17.49","17.39","56.91K","-0.29"
"Jan 11, 2017","17.50","17.45","17.50","17.42","36.82K","0.46"
"Jan 10, 2017","17.42","17.44","17.44","17.41","22.87K","0.00"
"Jan 09, 2017","17.42","17.49","17.49","17.41","87.43K","-0.51"
"Jan 06, 2017","17.51","17.57","17.57","17.47","27.17K","-0.17"
"Jan 05, 2017","17.54","17.55","17.57","17.49","30.92K","0.11"
"Jan 04, 2017","17.52","17.38","17.52","17.38","56.90K","1.10"
"Jan 03, 2017","17.33","17.38","17.42","17.31","38.12K","0.23"
"Dec 30, 2016","17.29","17.36","17.36","17.29","18.50K","-0.46"
"Dec 29, 2016","17.37","17.31","17.37","17.31","16.49K","0.23"
"Dec 28, 2016","17.33","17.38","17.40","17.31","14.74K","-0.17"
"Dec 23, 2016","17.36","17.35","17.37","17.32","21.93K","-0.46"
"Dec 22, 2016","17.44","17.39","17.44","17.39","42.07K","0.23"
"Dec 21, 2016","17.40","17.37","17.41","17.34","23.67K","0.23"
"Dec 20, 2016","17.36","17.43","17.43","17.36","19.16K","-0.29"
"Dec 19, 2016","17.41","17.41","17.43","17.39","13.63K","0.12"
"Dec 16, 2016","17.39","17.34","17.40","17.34","23.72K","0.52"
"Dec 15, 2016","17.30","17.27","17.35","17.27","14.39K","0.00"
"Dec 14, 2016","17.30","17.38","17.38","17.28","27.63K","-0.52"
"Dec 13, 2016","17.39","17.25","17.42","17.25","33.89K","0.93"
"Dec 12, 2016","17.23","17.31","17.31","17.23","23.25K","0.12"
"Dec 09, 2016","17.21","17.19","17.27","17.19","61.61K","0.12"
"Dec 08, 2016","17.19","17.03","17.19","17.03","30.85K","0.88"
"Dec 07, 2016","17.04","16.92","17.04","16.92","30.22K","0.65"
"Dec 06, 2016","16.93","16.86","16.93","16.86","26.72K","0.42"
"Dec 05, 2016","16.86","16.81","16.88","16.81","48.52K","0.66"
"Dec 02, 2016","16.75","16.76","16.78","16.74","28.87K","0.00"
"Dec 01, 2016","16.75","16.86","16.86","16.75","27.78K","-0.36"
"Nov 30, 2016","16.81","16.72","16.81","16.72","22.68K","1.20"
"Nov 29, 2016","16.61","16.59","16.61","16.53","58.08K","0.12"
"Nov 28, 2016","16.59","16.68","16.68","16.59","36.36K","-0.54"
"Nov 25, 2016","16.68","16.66","16.70","16.66","15.45K","-0.18"
"Nov 24, 2016","16.71","16.70","16.73","16.70","20.65K","0.12"
"Nov 23, 2016","16.69","16.63","16.73","16.63","11.23K","0.24"
"Nov 22, 2016","16.65","16.65","16.69","16.61","20.76K","0.24"
"Nov 21, 2016","16.61","16.53","16.62","16.53","11.66K","0.85"
"Nov 18, 2016","16.47","16.38","16.47","16.38","4.20K","0.37"
"Nov 17, 2016","16.41","16.30","16.42","16.30","13.89K","0.98"
"Nov 16, 2016","16.25","16.21","16.26","16.21","11.01K","-0.12"
"Nov 15, 2016","16.27","16.17","16.27","16.17","40.84K","0.87"
"Nov 14, 2016","16.13","16.14","16.18","16.10","11.38K","0.12"
"Nov 11, 2016","16.11","16.26","16.26","16.05","18.98K","-1.10"
"Nov 10, 2016","16.29","16.27","16.35","16.27","24.72K","0.62"
"Nov 09, 2016","16.19","15.95","16.24","15.95","43.77K","0.50"
"Nov 08, 2016","16.11","16.07","16.13","16.07","17.47K","0.19"
"Nov 07, 2016","16.08","16.02","16.11","16.02","32.59K","1.13"
"Nov 04, 2016","15.90","15.92","15.97","15.87","7.69K","-0.19"
"Nov 03, 2016","15.93","15.95","16.01","15.92","14.55K","-0.19"
"Nov 02, 2016","15.96","16.11","16.11","15.95","89.77K","-1.12"
"Nov 01, 2016","16.14","16.25","16.25","16.09","15.43K","-0.62"
"Oct 31, 2016","16.24","16.24","16.27","16.23","14.51K","-0.12"
"Oct 28, 2016","16.26","16.33","16.34","16.26","15.92K","-0.61"
"Oct 27, 2016","16.36","16.35","16.37","16.32","9.18K","0.43"
"Oct 26, 2016","16.29","16.31","16.36","16.29","11.78K","-0.97"
"Oct 25, 2016","16.45","16.60","16.60","16.45","8.36K","-0.84"
"Oct 24, 2016","16.59","16.60","16.62","16.57","25.43K","0.18"
"Oct 21, 2016","16.56","16.50","16.56","16.50","18.95K","0.36"
"Oct 20, 2016","16.50","16.47","16.50","16.47","5.54K","0.06"
"Oct 19, 2016","16.49","16.43","16.52","16.40","31.82K","0.61"
"Oct 18, 2016","16.39","16.30","16.40","16.30","14.86K","0.99"
"Oct 17, 2016","16.23","16.25","16.28","16.23","9.20K","-0.37"
"Oct 14, 2016","16.29","16.35","16.37","16.29","2.70K","0.06"
"Oct 13, 2016","16.28","16.21","16.29","16.14","11.81K","0.06"
"Oct 12, 2016","16.27","16.18","16.27","16.18","8.74K","0.37"
"Oct 11, 2016","16.21","16.27","16.27","16.20","7.86K","-0.18"
"Oct 07, 2016","16.24","16.29","16.29","16.20","4.22K","-0.49"
"Oct 06, 2016","16.32","16.29","16.35","16.28","16.51K","0.25"
"Oct 05, 2016","16.28","16.22","16.28","16.22","3.40K","0.49"
"Oct 04, 2016","16.20","16.35","16.35","16.16","6.23K","-0.92"
"Oct 03, 2016","16.35","16.37","16.37","16.30","16.52K","-0.37"
"Sep 30, 2016","16.41","16.40","16.42","16.34","6.21K","0.31"
"Sep 29, 2016","16.36","16.31","16.41","16.31","7.67K","0.37"
"Sep 28, 2016","16.30","16.21","16.30","16.17","10.67K","0.93"
"Sep 27, 2016","16.15","16.19","16.19","16.12","10.12K","-0.80"
"Sep 26, 2016","16.28","16.34","16.34","16.28","15.38K","-0.49"
"Sep 23, 2016","16.36","16.45","16.45","16.35","28.91K","-0.67"
"Sep 22, 2016","16.47","16.44","16.48","16.44","6.97K","0.61"
"Sep 21, 2016","16.37","16.32","16.37","16.30","8.68K","0.80"
"Sep 20, 2016","16.24","16.23","16.27","16.23","18.76K","0.37"
"Sep 19, 2016","16.18","16.19","16.23","16.17","41.83K","0.25"
"Sep 16, 2016","16.14","16.15","16.15","16.10","33.14K","-0.06"
"Sep 15, 2016","16.15","16.06","16.18","16.06","13.19K","0.75"
"Sep 14, 2016","16.03","16.01","16.09","16.01","25.08K","0.12"
"Sep 13, 2016","16.01","16.16","16.16","15.99","23.80K","-1.54"
"Sep 12, 2016","16.26","16.20","16.26","16.18","25.00K","-0.06"
"Sep 09, 2016","16.27","16.43","16.43","16.22","14.71K","-1.33"
"Sep 08, 2016","16.49","16.44","16.49","16.42","10.78K","0.49"
"Sep 07, 2016","16.41","16.42","16.42","16.38","8.29K","0.00"
"Sep 06, 2016","16.41","16.45","16.45","16.40","24.38K","-0.24"
"Sep 02, 2016","16.45","16.41","16.47","16.41","17.43K","0.61"
"Sep 01, 2016","16.35","16.30","16.37","16.25","15.70K","0.31"
"Aug 31, 2016","16.30","16.32","16.35","16.24","7.67K","-0.31"
"Aug 30, 2016","16.35","16.28","16.38","16.28","30.96K","0.55"
"Aug 29, 2016","16.26","16.28","16.31","16.26","9.21K","0.12"
"Aug 26, 2016","16.24","16.29","16.35","16.24","13.00K","-0.37"
"Aug 25, 2016","16.30","16.35","16.36","16.30","13.23K","-0.37"
"Aug 24, 2016","16.36","16.37","16.41","16.36","21.91K","-0.12"
"Aug 23, 2016","16.38","16.35","16.40","16.35","19.65K","0.37"
"Aug 22, 2016","16.32","16.22","16.32","16.21","14.89K","0.37"
"Aug 19, 2016","16.26","16.24","16.26","16.20","9.66K","0.12"
"Aug 18, 2016","16.24","16.29","16.29","16.23","5.56K","-0.12"
"Aug 17, 2016","16.26","16.22","16.26","16.18","5.93K","0.18"
"Aug 16, 2016","16.23","16.30","16.30","16.20","9.40K","-0.43"
"Aug 15, 2016","16.30","16.29","16.31","16.28","22.66K","0.49"
"Aug 12, 2016","16.22","16.31","16.31","16.22","19.58K","-0.55"
"Aug 11, 2016","16.31","16.30","16.34","16.30","16.85K","0.25"
"Aug 10, 2016","16.27","16.32","16.32","16.26","37.39K","-0.31"
"Aug 09, 2016","16.32","16.30","16.35","16.30","21.29K","0.06"
"Aug 08, 2016","16.31","16.21","16.31","16.21","48.55K","0.80"
"Aug 05, 2016","16.18","16.07","16.18","16.06","67.15K","1.00"
"Aug 04, 2016","16.02","15.98","16.06","15.98","9.50K","0.00"
"Aug 03, 2016","16.02","15.94","16.03","15.91","9.52K","0.69"
"Aug 02, 2016","15.91","15.99","15.99","15.88","65.44K","-0.69"
"Jul 29, 2016","16.02","15.99","16.03","15.96","6.48K","-0.19"
"Jul 28, 2016","16.05","16.05","16.05","16.00","21.40K","0.06"
"Jul 27, 2016","16.04","16.13","16.15","16.04","14.67K","-0.50"
"Jul 26, 2016","16.12","16.07","16.13","16.07","18.02K","-0.12"
"Jul 25, 2016","16.14","16.20","16.20","16.10","34.91K","-0.31"
"Jul 22, 2016","16.19","16.16","16.19","16.16","6.35K","0.37"
"Jul 21, 2016","16.13","16.11","16.16","16.10","20.12K","0.31"
"Jul 20, 2016","16.08","16.03","16.10","16.03","13.64K","0.44"
"Jul 19, 2016","16.01","16.00","16.01","15.98","24.79K","0.06"
"Jul 18, 2016","16.00","15.99","16.00","15.96","53.86K","0.25"
"Jul 15, 2016","15.96","16.05","16.05","15.96","11.59K","-0.31"
"Jul 14, 2016","16.01","16.03","16.06","16.01","37.79K","0.19"
"Jul 13, 2016","15.98","15.97","15.98","15.90","8.87K","0.00"
"Jul 12, 2016","15.98","15.92","15.99","15.90","28.04K","1.14"
"Jul 11, 2016","15.80","15.78","15.84","15.78","24.81K","0.51"
"Jul 08, 2016","15.72","15.76","15.79","15.72","12.20K","0.58"
"Jul 07, 2016","15.63","15.79","15.80","15.63","9.09K","-0.51"
"Jul 06, 2016","15.71","15.71","15.75","15.60","27.42K","-0.25"
"Jul 05, 2016","15.75","15.74","15.75","15.71","8.23K","-0.25"
"Jul 04, 2016","15.79","15.77","15.79","15.75","15.41K","0.77"
"Jun 30, 2016","15.67","15.64","15.67","15.54","12.52K","0.45"
"Jun 29, 2016","15.60","15.54","15.62","15.53","16.57K","1.23"
"Jun 28, 2016","15.41","15.41","15.45","15.38","38.91K","1.25"
"Jun 27, 2016","15.22","15.45","15.45","15.16","42.88K","-2.25"
"Jun 24, 2016","15.57","15.50","15.70","15.41","60.51K","-2.01"
"Jun 23, 2016","15.89","15.88","15.91","15.86","23.33K","0.82"
"Jun 22, 2016","15.76","15.84","15.86","15.76","12.06K","-0.51"
"Jun 21, 2016","15.84","15.75","15.84","15.72","42.04K","0.51"
"Jun 20, 2016","15.76","15.78","15.80","15.74","48.08K","0.90"
"Jun 17, 2016","15.62","15.67","15.68","15.62","14.77K","0.00"
"Jun 16, 2016","15.62","15.61","15.62","15.48","39.85K","-0.19"
"Jun 15, 2016","15.65","15.61","15.74","15.61","15.28K","0.32"
"Jun 14, 2016","15.60","15.70","15.73","15.60","24.63K","-0.76"
"Jun 13, 2016","15.72","15.71","15.80","15.70","16.51K","-0.06"
"Jun 10, 2016","15.73","15.90","15.90","15.73","19.30K","-1.69"
"Jun 09, 2016","16.00","16.04","16.04","15.99","26.73K","-0.62"
"Jun 08, 2016","16.10","16.23","16.27","16.09","23.84K","-0.43"
"Jun 07, 2016","16.17","16.08","16.18","16.08","9.61K","0.94"
"Jun 06, 2016","16.02","15.93","16.03","15.91","32.31K","0.95"
"Jun 03, 2016","15.87","15.83","15.88","15.76","10.77K","0.19"
"Jun 02, 2016","15.84","15.74","15.85","15.74","19.01K","0.57"
"Jun 01, 2016","15.75","15.71","15.76","15.63","15.81K","-0.06"
"May 31, 2016","15.76","15.80","15.81","15.74","22.22K","0.00"
"May 30, 2016","15.76","15.80","15.80","15.76","20.74K","-0.13"
"May 27, 2016","15.78","15.67","15.78","15.67","18.24K","0.64"
"May 26, 2016","15.68","15.77","15.77","15.68","10.64K","-0.51"
"May 25, 2016","15.76","15.69","15.78","15.69","37.31K","0.83"
"May 24, 2016","15.63","15.59","15.65","15.59","13.97K","0.64"
"May 20, 2016","15.53","15.46","15.56","15.46","13.23K","0.78"
"May 19, 2016","15.41","15.38","15.41","15.30","12.26K","-0.06"
"May 18, 2016","15.42","15.43","15.51","15.40","27.60K","-0.32"
"May 17, 2016","15.47","15.48","15.53","15.46","19.67K","-0.19"
"May 16, 2016","15.50","15.40","15.53","15.40","32.62K","0.98"
"May 13, 2016","15.35","15.39","15.43","15.33","23.75K","-0.45"
"May 12, 2016","15.42","15.46","15.48","15.34","16.66K","0.19"
"May 11, 2016","15.39","15.34","15.42","15.30","20.34K","0.39"
"May 10, 2016","15.33","15.20","15.35","15.20","11.75K","1.25"
"May 09, 2016","15.14","15.20","15.20","15.10","30.00K","-0.39"
"May 06, 2016","15.20","15.14","15.25","15.14","13.87K","-0.13"
"May 05, 2016","15.22","15.33","15.33","15.19","10.26K","-0.20"
"May 04, 2016","15.25","15.24","15.30","15.19","14.04K","0.07"
"May 03, 2016","15.24","15.35","15.35","15.18","22.57K","-1.36"
"May 02, 2016","15.45","15.49","15.49","15.40","27.73K","-0.19"
"Apr 29, 2016","15.48","15.48","15.52","15.44","31.89K","0.06"
"Apr 28, 2016","15.47","15.45","15.55","15.40","20.26K","-0.26"
"Apr 27, 2016","15.51","15.40","15.52","15.40","15.89K","0.85"
"Apr 26, 2016","15.38","15.47","15.50","15.38","24.37K","-0.65"
"Apr 25, 2016","15.48","15.57","15.57","15.46","32.19K","-0.64"
"Apr 22, 2016","15.58","15.53","15.60","15.53","9.37K","0.19"
"Apr 21, 2016","15.55","15.75","15.75","15.53","128.16K","0.00"
"Apr 20, 2016","15.55","15.52","15.60","15.51","15.66K","0.39"
"Apr 19, 2016","15.49","15.39","15.49","15.39","17.30K","0.85"
"Apr 18, 2016","15.36","15.18","15.38","15.18","16.95K","0.52"
"Apr 15, 2016","15.28","15.27","15.29","15.24","10.05K","-0.26"
"Apr 14, 2016","15.32","15.35","15.36","15.29","30.52K","-0.07"
"Apr 13, 2016","15.33","15.32","15.35","15.25","22.97K","0.66"
"Apr 12, 2016","15.23","15.11","15.27","15.08","34.09K","0.99"
"Apr 11, 2016","15.08","15.08","15.15","15.08","10.57K","0.27"
"Apr 08, 2016","15.04","15.09","15.14","15.04","17.24K","0.67"
"Apr 07, 2016","14.94","15.01","15.02","14.93","26.76K","-0.66"
"Apr 06, 2016","15.04","15.04","15.07","14.97","10.57K","0.13"
"Apr 05, 2016","15.02","15.03","15.03","15.00","11.00K","-0.53"
"Apr 04, 2016","15.10","15.21","15.21","15.10","39.17K","-0.53"
"Apr 01, 2016","15.18","15.19","15.20","15.12","17.03K","-0.78"
"Mar 31, 2016","15.30","15.22","15.30","15.22","13.66K","0.46"
"Mar 30, 2016","15.23","15.22","15.32","15.19","13.70K","0.73"
"Mar 29, 2016","15.12","15.05","15.13","15.01","14.68K","0.07"
"Mar 28, 2016","15.11","15.06","15.11","14.99","26.71K","0.33"
"Mar 24, 2016","15.06","15.09","15.09","14.98","39.72K","-0.86"
"Mar 23, 2016","15.19","15.33","15.33","15.15","50.51K","-0.65"
"Mar 22, 2016","15.29","15.26","15.34","15.26","9.60K","0.13"
"Mar 21, 2016","15.27","15.24","15.27","15.20","43.59K","0.39"
"Mar 18, 2016","15.21","15.41","15.41","15.21","52.49K","-1.30"
"Mar 17, 2016","15.41","15.19","15.43","15.19","35.20K","1.92"
"Mar 16, 2016","15.12","15.13","15.17","15.10","50.43K","0.20"
"Mar 15, 2016","15.09","15.05","15.09","14.98","23.42K","0.07"
"Mar 14, 2016","15.08","15.08","15.09","15.00","41.08K","-0.26"
"Mar 11, 2016","15.12","15.10","15.12","15.05","23.92K","1.14"
"Mar 10, 2016","14.95","15.09","15.10","14.87","47.79K","-0.53"
"Mar 09, 2016","15.03","15.08","15.10","15.02","46.93K","0.40"
"Mar 08, 2016","14.97","15.02","15.03","14.93","70.76K","-0.33"
"Mar 07, 2016","15.02","14.88","15.08","14.88","123.89K","1.14"
"Mar 04, 2016","14.85","14.80","14.89","14.75","24.40K","0.95"
"Mar 03, 2016","14.71","14.67","14.74","14.65","17.03K","0.62"
"Mar 02, 2016","14.62","14.59","14.63","14.44","18.97K","0.27"
"Mar 01, 2016","14.58","14.48","14.65","14.48","23.11K","1.67"
"Feb 29, 2016","14.34","14.37","14.45","14.33","18.17K","0.21"
"Feb 26, 2016","14.31","14.28","14.40","14.26","24.37K","0.92"
"Feb 25, 2016","14.18","14.18","14.20","14.05","24.59K","0.07"
"Feb 24, 2016","14.17","14.03","14.17","13.88","27.34K","-0.28"
"Feb 23, 2016","14.21","14.39","14.46","14.19","41.77K","-1.25"
"Feb 22, 2016","14.39","14.41","14.49","14.38","18.70K","0.98"
"Feb 19, 2016","14.25","14.22","14.26","14.15","25.84K","-0.77"
"Feb 18, 2016","14.36","14.37","14.37","14.26","12.26K","0.28"
"Feb 17, 2016","14.32","14.06","14.32","14.06","95.94K","2.73"
"Feb 16, 2016","13.94","13.88","13.96","13.72","49.49K","1.90"
"Feb 12, 2016","13.68","13.56","13.69","13.56","25.97K","2.01"
"Feb 11, 2016","13.41","13.41","13.51","13.35","35.91K","-1.47"
"Feb 10, 2016","13.61","13.82","13.85","13.60","19.43K","-1.09"
"Feb 09, 2016","13.76","13.99","14.00","13.67","59.86K","-2.06"
"Feb 08, 2016","14.05","14.28","14.28","14.05","34.20K","-2.36"
"Feb 05, 2016","14.39","14.44","14.44","14.34","19.44K","-0.21"
"Feb 04, 2016","14.42","14.30","14.45","14.30","28.01K","0.91"
"Feb 03, 2016","14.29","14.25","14.30","14.00","17.30K","0.99"
"Feb 02, 2016","14.15","14.23","14.23","14.07","66.90K","-1.67"
"Feb 01, 2016","14.39","14.51","14.51","14.28","28.62K","-0.96"
"Jan 29, 2016","14.53","14.47","14.56","14.38","39.54K","1.11"
"Jan 28, 2016","14.37","14.15","14.37","14.13","38.33K","2.72"
"Jan 27, 2016","13.99","13.87","14.13","13.85","16.46K","0.50"
"Jan 26, 2016","13.92","13.80","13.98","13.80","49.43K","0.94"
"Jan 25, 2016","13.79","14.16","14.19","13.78","35.88K","-2.68"
"Jan 22, 2016","14.17","14.07","14.22","14.07","33.01K","2.53"
"Jan 21, 2016","13.82","13.50","13.82","13.47","43.21K","2.37"
"Jan 20, 2016","13.50","13.43","13.57","13.16","385.57K","-1.39"
"Jan 19, 2016","13.69","13.65","13.80","13.57","25.53K","1.33"
"Jan 18, 2016","13.51","13.64","13.65","13.49","54.50K","-1.39"
"Jan 15, 2016","13.70","13.67","13.72","13.59","30.89K","-2.00"
"Jan 14, 2016","13.98","13.74","14.00","13.65","31.06K","1.82"
"Jan 13, 2016","13.73","14.06","14.09","13.73","76.05K","-1.51"
"Jan 12, 2016","13.94","13.99","14.05","13.73","41.35K","0.29"
"Jan 11, 2016","13.90","13.99","13.99","13.78","81.91K","-0.36"
"Jan 08, 2016","13.95","13.95","14.03","13.87","50.55K","0.58"
"Jan 07, 2016","13.87","14.08","14.08","13.86","67.84K","-2.46"
"Jan 06, 2016","14.22","14.37","14.37","14.21","51.14K","-1.66"
"Jan 05, 2016","14.46","14.49","14.50","14.37","21.93K","-0.21"
"Jan 04, 2016","14.49","14.47","14.49","14.29","50.99K","-0.34"
"Dec 31, 2015","14.54","14.61","14.61","14.52","23.84K","-0.82"
"Dec 30, 2015","14.66","14.78","14.81","14.65","70.30K","-0.88"
"Dec 29, 2015","14.79","14.82","14.83","14.74","196.72K","0.07"
"Dec 24, 2015","14.78","14.77","14.79","14.73","27.37K","-0.14"
"Dec 23, 2015","14.80","14.61","14.80","14.61","37.46K","1.79"
"Dec 22, 2015","14.54","14.51","14.55","14.40","202.14K","0.41"
"Dec 21, 2015","14.48","14.61","14.63","14.45","183.85K","-0.34"
"Dec 18, 2015","14.53","14.44","14.53","14.44","153.56K","0.00"
"Dec 17, 2015","14.53","14.60","14.60","14.45","29.46K","-1.02"
"Dec 16, 2015","14.68","14.43","14.68","14.43","38.50K","2.02"
"Dec 15, 2015","14.39","14.20","14.41","14.20","56.50K","1.55"
"Dec 14, 2015","14.17","14.25","14.30","14.08","55.78K","-0.77"
"Dec 11, 2015","14.28","14.45","14.45","14.27","56.87K","-1.86"
"Dec 10, 2015","14.55","14.44","14.60","14.44","46.08K","0.62"
"Dec 09, 2015","14.46","14.54","14.68","14.42","75.05K","-0.41"
"Dec 08, 2015","14.52","14.56","14.64","14.49","52.48K","-1.16"
"Dec 07, 2015","14.69","14.99","14.99","14.66","59.46K","-2.26"
"Dec 04, 2015","15.03","15.06","15.09","15.00","34.32K","-0.40"
"Dec 03, 2015","15.09","15.32","15.32","15.08","51.38K","-1.11"
"Dec 02, 2015","15.26","15.42","15.42","15.26","27.56K","-1.17"
"Dec 01, 2015","15.44","15.31","15.44","15.30","18.80K","0.85"
"Nov 30, 2015","15.31","15.23","15.31","15.23","33.27K","0.72"
"Nov 27, 2015","15.20","15.20","15.21","15.19","10.66K","-0.07"
"Nov 26, 2015","15.21","15.23","15.24","15.20","18.26K","0.20"
"Nov 25, 2015","15.18","15.19","15.25","15.17","51.12K","-0.46"
"Nov 24, 2015","15.25","15.21","15.29","15.20","34.76K","0.13"
"Nov 23, 2015","15.23","15.25","15.34","15.23","16.82K","-0.26"
"Nov 20, 2015","15.27","15.44","15.44","15.27","8.89K","-0.65"
"Nov 19, 2015","15.37","15.35","15.41","15.35","13.90K","-0.07"
"Nov 18, 2015","15.38","15.38","15.42","15.36","12.11K","0.52"
"Nov 17, 2015","15.30","15.39","15.41","15.28","40.22K","-0.39"
"Nov 16, 2015","15.36","15.04","15.36","15.04","27.10K","1.92"
"Nov 13, 2015","15.07","15.14","15.17","15.03","63.76K","-0.79"
"Nov 12, 2015","15.19","15.31","15.31","15.18","61.48K","-1.49"
"Nov 11, 2015","15.42","15.54","15.54","15.41","8.91K","-0.58"
"Nov 10, 2015","15.51","15.52","15.52","15.46","22.32K","-0.19"
"Nov 09, 2015","15.54","15.62","15.64","15.50","37.39K","-0.26"
"Nov 06, 2015","15.58","15.66","15.66","15.54","22.70K","-0.70"
"Nov 05, 2015","15.69","15.73","15.77","15.65","25.23K","-0.25"
"Nov 04, 2015","15.73","15.86","15.87","15.73","15.13K","-0.32"
"Nov 03, 2015","15.78","15.66","15.80","15.64","11.82K","0.77"
"Nov 02, 2015","15.66","15.59","15.66","15.56","20.24K","0.38"
"Oct 30, 2015","15.60","15.78","15.78","15.57","16.63K","-1.14"
"Oct 29, 2015","15.78","15.79","15.79","15.70","14.59K","0.06"
"Oct 28, 2015","15.77","15.67","15.82","15.66","14.24K","0.96"
"Oct 27, 2015","15.62","15.75","15.75","15.58","20.78K","-1.45"
"Oct 26, 2015","15.85","16.06","16.06","15.85","50.37K","-1.06"
"Oct 23, 2015","16.02","16.13","16.13","16.01","19.37K","0.00"
"Oct 22, 2015","16.02","15.88","16.04","15.88","17.92K","1.39"
"Oct 21, 2015","15.80","15.90","15.90","15.80","12.63K","-0.25"
"Oct 20, 2015","15.84","15.73","15.91","15.73","28.12K","0.76"
"Oct 19, 2015","15.72","15.72","15.74","15.68","7.84K","-0.44"
"Oct 16, 2015","15.79","15.81","15.83","15.74","19.13K","0.19"
"Oct 15, 2015","15.76","15.81","15.82","15.71","21.04K","-0.13"
"Oct 14, 2015","15.78","15.86","15.94","15.78","18.72K","-0.69"
"Oct 13, 2015","15.89","15.91","15.95","15.87","47.75K","-0.63"
"Oct 09, 2015","15.99","16.11","16.11","15.95","26.27K","0.00"
"Oct 08, 2015","15.99","15.85","15.99","15.85","30.87K","0.88"
"Oct 07, 2015","15.85","15.73","15.93","15.73","34.35K","1.41"
"Oct 06, 2015","15.63","15.51","15.67","15.51","20.64K","0.84"
"Oct 05, 2015","15.50","15.27","15.53","15.27","25.80K","2.45"
"Oct 02, 2015","15.13","14.90","15.13","14.86","18.85K","0.87"
"Oct 01, 2015","15.00","15.16","15.16","14.96","7.57K","0.07"
"Sep 30, 2015","14.99","14.96","15.03","14.94","14.11K","0.81"
"Sep 29, 2015","14.87","14.89","14.95","14.85","18.77K","-0.07"
"Sep 28, 2015","14.88","15.09","15.09","14.87","33.47K","-1.52"
"Sep 25, 2015","15.11","15.18","15.20","15.09","7.41K","0.07"
"Sep 24, 2015","15.10","15.16","15.16","15.07","88.87K","-0.85"
"Sep 23, 2015","15.23","15.38","15.38","15.23","15.60K","-0.72"
"Sep 22, 2015","15.34","15.38","15.38","15.30","7.53K","-1.35"
"Sep 21, 2015","15.55","15.40","15.55","15.40","17.63K","1.44"
"Sep 18, 2015","15.33","15.31","15.35","15.31","9.75K","-1.29"
"Sep 17, 2015","15.53","15.47","15.53","15.42","18.40K","0.45"
"Sep 16, 2015","15.46","15.22","15.46","15.22","24.10K","2.05"
"Sep 15, 2015","15.15","15.05","15.15","15.05","35.31K","0.66"
"Sep 14, 2015","15.05","15.16","15.17","15.05","32.64K","-0.66"
"Sep 11, 2015","15.15","15.25","15.25","15.13","44.00K","-1.11"
"Sep 10, 2015","15.32","15.23","15.35","15.23","22.91K","0.39"
"Sep 09, 2015","15.26","15.44","15.52","15.26","19.30K","-0.65"
"Sep 08, 2015","15.36","15.42","15.43","15.36","18.83K","0.66"
"Sep 04, 2015","15.26","15.24","15.30","15.23","14.61K","-0.72"
"Sep 03, 2015","15.37","15.29","15.44","15.29","22.14K","1.12"
"Sep 02, 2015","15.20","15.34","15.34","15.15","12.76K","-0.13"
"Sep 01, 2015","15.22","15.39","15.41","15.20","24.76K","-3.06"
"Aug 31, 2015","15.70","15.56","15.70","15.41","38.17K","0.77"
"Aug 28, 2015","15.58","15.42","15.59","15.42","11.31K","1.17"
"Aug 27, 2015","15.40","15.20","15.56","15.17","43.38K","2.67"
"Aug 26, 2015","15.00","14.92","15.00","14.68","118.99K","1.35"
"Aug 25, 2015","14.80","14.99","15.00","14.80","25.17K","1.37"
"Aug 24, 2015","14.60","14.89","14.91","14.50","123.21K","-3.25"
"Aug 21, 2015","15.09","15.20","15.33","15.08","29.43K","-1.69"
"Aug 20, 2015","15.35","15.52","15.55","15.35","85.82K","-1.98"
"Aug 19, 2015","15.66","15.82","15.82","15.61","27.95K","-1.26"
"Aug 18, 2015","15.86","15.91","15.91","15.85","17.83K","-0.19"
"Aug 17, 2015","15.89","15.91","15.91","15.85","8.72K","-0.44"
"Aug 14, 2015","15.96","15.92","15.98","15.90","31.00K","0.13"
"Aug 13, 2015","15.94","16.06","16.06","15.94","3.41K","-0.69"
"Aug 12, 2015","16.05","16.01","16.06","15.90","57.09K","0.00"
"Aug 11, 2015","16.05","15.99","16.05","15.91","14.16K","-0.31"
"Aug 10, 2015","16.10","15.96","16.10","15.94","10.09K","1.19"
"Aug 07, 2015","15.91","16.01","16.09","15.90","30.53K","-0.81"
"Aug 06, 2015","16.04","16.11","16.11","16.03","8.20K","-0.62"
"Aug 05, 2015","16.14","16.20","16.28","16.14","10.58K","-0.06"
"Aug 04, 2015","16.15","16.12","16.20","16.10","19.20K","-0.12"
"Jul 31, 2015","16.17","16.14","16.20","16.14","9.75K","0.50"
"Jul 30, 2015","16.09","15.98","16.10","15.94","24.92K","0.69"
"Jul 29, 2015","15.98","15.77","15.98","15.77","34.00K","1.52"
"Jul 28, 2015","15.74","15.65","15.78","15.58","16.22K","0.19"
"Jul 27, 2015","15.71","15.84","15.85","15.67","29.25K","-1.26"
"Jul 24, 2015","15.91","16.03","16.06","15.90","28.56K","-0.56"
"Jul 23, 2015","16.00","16.12","16.12","15.99","37.00K","-0.81"
"Jul 22, 2015","16.13","16.20","16.23","16.09","21.25K","-0.74"
"Jul 21, 2015","16.25","16.34","16.38","16.24","13.02K","-0.43"
"Jul 20, 2015","16.32","16.55","16.55","16.32","22.25K","-1.33"
"Jul 17, 2015","16.54","16.57","16.57","16.48","69.47K","-0.18"
"Jul 16, 2015","16.57","16.56","16.59","16.50","13.98K","0.55"
"Jul 15, 2015","16.48","16.47","16.55","16.41","28.06K","0.00"
"Jul 14, 2015","16.48","16.39","16.48","16.37","13.73K","0.37"
"Jul 13, 2015","16.42","16.40","16.45","16.38","47.79K","0.43"
"Jul 10, 2015","16.35","16.34","16.35","16.28","42.82K","0.74"
"Jul 09, 2015","16.23","16.49","16.51","16.22","38.72K","-1.10"
"Jul 08, 2015","16.41","16.53","16.56","16.38","26.32K","-1.26"
"Jul 07, 2015","16.62","16.53","16.62","16.37","28.28K","0.61"
"Jul 06, 2015","16.52","16.54","16.58","16.48","30.88K","-0.78"
"Jul 03, 2015","16.65","16.66","16.70","16.63","11.56K","-0.06"
"Jul 02, 2015","16.66","16.57","16.67","16.57","15.79K","0.60"
"Jun 30, 2015","16.56","16.58","16.61","16.52","13.60K","0.30"
"Jun 29, 2015","16.51","16.67","16.67","16.51","20.71K","-1.90"
"Jun 26, 2015","16.83","16.94","16.94","16.83","9.94K","-0.71"
"Jun 25, 2015","16.95","16.96","17.00","16.95","8.67K","-0.47"
"Jun 24, 2015","17.03","16.94","17.06","16.94","26.27K","0.53"
"Jun 23, 2015","16.94","16.85","16.95","16.85","9.67K","0.77"
"Jun 22, 2015","16.81","16.61","16.83","16.61","20.08K","1.51"
"Jun 19, 2015","16.56","16.60","16.68","16.56","20.87K","-0.90"
"Jun 18, 2015","16.71","16.70","16.74","16.64","17.48K","0.06"
"Jun 17, 2015","16.70","16.76","16.80","16.66","25.78K","-0.36"
"Jun 16, 2015","16.76","16.75","16.76","16.71","15.29K","0.06"
"Jun 15, 2015","16.75","16.70","16.81","16.67","15.41K","-0.12"
"Jun 12, 2015","16.77","16.80","16.80","16.72","15.50K","-0.36"
"Jun 11, 2015","16.83","16.95","16.95","16.83","14.90K","-0.53"
"Jun 10, 2015","16.92","16.90","17.00","16.90","13.06K","0.48"
"Jun 09, 2015","16.84","16.71","16.84","16.70","12.12K","0.72"
"Jun 08, 2015","16.72","16.94","16.94","16.68","46.03K","-1.36"
"Jun 05, 2015","16.95","17.00","17.05","16.95","23.46K","-0.35"
"Jun 04, 2015","17.01","17.17","17.17","16.99","46.92K","-1.22"
"Jun 03, 2015","17.22","17.23","17.28","17.22","22.16K","-0.06"
"Jun 02, 2015","17.23","17.15","17.29","17.15","15.78K","0.53"
"Jun 01, 2015","17.14","17.18","17.18","17.09","27.25K","-0.06"
"May 29, 2015","17.15","17.20","17.20","17.06","27.89K","-0.29"
"May 28, 2015","17.20","17.18","17.23","17.13","9.51K","0.00"
"May 27, 2015","17.20","17.16","17.22","17.14","40.86K","0.23"
"May 26, 2015","17.16","17.32","17.32","17.10","61.96K","-1.32"
"May 25, 2015","17.39","17.43","17.43","17.39","60.46K","-0.17"
"May 22, 2015","17.42","17.45","17.45","17.39","14.13K","-0.23"
"May 21, 2015","17.46","17.32","17.48","17.32","29.53K","0.87"
"May 20, 2015","17.31","17.36","17.36","17.27","30.92K","-0.12"
"May 19, 2015","17.33","17.36","17.37","17.30","14.40K","-0.29"
"May 15, 2015","17.38","17.28","17.38","17.24","31.18K","0.58"
"May 14, 2015","17.28","17.29","17.31","17.26","18.20K","0.23"
"May 13, 2015","17.24","17.34","17.34","17.24","27.91K","-0.35"
"May 12, 2015","17.30","17.37","17.37","17.29","27.11K","-0.63"
"May 11, 2015","17.41","17.51","17.52","17.38","34.49K","-0.46"
"May 08, 2015","17.49","17.45","17.50","17.38","23.71K","1.04"
"May 07, 2015","17.31","17.36","17.39","17.23","13.37K","-0.17"
"May 06, 2015","17.34","17.43","17.43","17.25","55.09K","-0.57"
"May 05, 2015","17.44","17.66","17.68","17.41","22.62K","-0.97"
"May 04, 2015","17.61","17.58","17.65","17.58","27.21K","0.23"
"May 01, 2015","17.57","17.51","17.62","17.50","12.38K","0.40"
"Apr 30, 2015","17.50","17.58","17.58","17.44","25.78K","-0.68"
"Apr 29, 2015","17.62","17.55","17.62","17.52","15.84K","0.06"
"Apr 28, 2015","17.61","17.61","17.61","17.56","15.57K","-0.11"
"Apr 27, 2015","17.63","17.74","17.74","17.60","27.40K","-0.56"
"Apr 24, 2015","17.73","17.72","17.76","17.69","22.53K","0.17"
"Apr 23, 2015","17.70","17.59","17.72","17.55","25.04K","0.63"
"Apr 22, 2015","17.59","17.60","17.61","17.51","19.70K","0.00"
"Apr 21, 2015","17.59","17.69","17.69","17.57","15.50K","-0.45"
"Apr 20, 2015","17.67","17.65","17.78","17.64","34.76K","0.17"
"Apr 17, 2015","17.64","17.62","17.64","17.56","20.89K","-0.06"
"Apr 16, 2015","17.65","17.64","17.66","17.55","41.63K","-0.17"
"Apr 15, 2015","17.68","17.64","17.75","17.61","36.56K","0.74"
"Apr 14, 2015","17.55","17.52","17.57","17.52","69.70K","0.11"
"Apr 13, 2015","17.53","17.57","17.60","17.53","52.07K","-0.11"
"Apr 10, 2015","17.55","17.57","17.58","17.50","10.87K","0.17"
"Apr 09, 2015","17.52","17.44","17.54","17.44","73.17K","0.52"
"Apr 08, 2015","17.43","17.44","17.50","17.40","26.02K","-0.17"
"Apr 07, 2015","17.46","17.37","17.52","17.37","48.06K","0.29"
"Apr 06, 2015","17.41","17.21","17.42","17.21","19.60K","0.99"
"Apr 02, 2015","17.24","17.10","17.25","17.10","10.36K","0.76"
"Apr 01, 2015","17.11","17.16","17.18","17.09","22.62K","-0.35"
"Mar 31, 2015","17.17","17.08","17.21","17.05","29.90K","-0.29"
"Mar 30, 2015","17.22","17.14","17.30","17.14","20.97K","0.47"
"Mar 27, 2015","17.14","17.21","17.21","17.06","27.39K","-0.52"
"Mar 26, 2015","17.23","17.33","17.33","17.18","23.75K","-0.81"
"Mar 25, 2015","17.37","17.54","17.57","17.37","25.30K","-0.69"
"Mar 24, 2015","17.49","17.31","17.52","17.29","18.35K","0.87"
"Mar 23, 2015","17.34","17.26","17.39","17.26","35.62K","0.58"
"Mar 20, 2015","17.24","17.21","17.29","17.21","23.20K","0.64"
"Mar 19, 2015","17.13","17.29","17.29","17.12","14.44K","-1.04"
"Mar 18, 2015","17.31","17.19","17.35","17.14","25.48K","0.41"
"Mar 17, 2015","17.24","17.10","17.26","17.00","17.83K","0.58"
"Mar 16, 2015","17.14","17.02","17.18","17.00","15.96K","0.94"
"Mar 13, 2015","16.98","17.05","17.05","16.92","22.66K","-0.47"
"Mar 12, 2015","17.06","17.04","17.11","17.02","23.71K","0.35"
"Mar 11, 2015","17.00","16.95","17.04","16.91","39.13K","0.53"
"Mar 10, 2015","16.91","17.08","17.08","16.91","34.26K","-1.51"
"Mar 09, 2015","17.17","17.27","17.30","17.17","33.90K","-0.58"
"Mar 06, 2015","17.27","17.36","17.46","17.23","44.27K","-0.92"
"Mar 05, 2015","17.43","17.51","17.52","17.43","40.85K","-0.34"
"Mar 04, 2015","17.49","17.53","17.53","17.42","21.54K","-0.46"
"Mar 03, 2015","17.57","17.66","17.66","17.53","16.48K","-0.45"
"Mar 02, 2015","17.65","17.62","17.67","17.60","25.70K","0.23"
"Feb 27, 2015","17.61","17.52","17.66","17.52","30.76K","0.17"
"Feb 26, 2015","17.58","17.63","17.64","17.58","37.87K","-0.23"
"Feb 25, 2015","17.62","17.57","17.63","17.50","88.90K","0.40"
"Feb 24, 2015","17.55","17.57","17.64","17.52","26.03K","-0.28"
"Feb 23, 2015","17.60","17.63","17.63","17.52","20.52K","-0.51"
"Feb 20, 2015","17.69","17.70","17.70","17.63","29.24K","0.00"
"Feb 19, 2015","17.69","17.68","17.73","17.60","26.56K","-0.34"
"Feb 18, 2015","17.75","17.80","17.86","17.75","41.82K","-0.50"
"Feb 17, 2015","17.84","17.78","17.90","17.72","101.18K","0.28"
"Feb 13, 2015","17.79","17.84","17.88","17.79","51.06K","0.34"
"Feb 12, 2015","17.73","17.67","17.73","17.57","43.51K","0.80"
"Feb 11, 2015","17.59","17.51","17.61","17.51","19.13K","0.23"
"Feb 10, 2015","17.55","17.59","17.59","17.40","22.60K","-0.23"
"Feb 09, 2015","17.59","17.54","17.65","17.54","17.35K","0.51"
"Feb 06, 2015","17.50","17.63","17.65","17.49","29.26K","-0.46"
"Feb 05, 2015","17.58","17.56","17.71","17.56","51.97K","0.69"
"Feb 04, 2015","17.46","17.55","17.56","17.44","537.74K","-1.08"
"Feb 03, 2015","17.65","17.47","17.74","17.47","69.27K","1.61"
"Feb 02, 2015","17.37","17.19","17.41","17.14","31.65K","1.58"
"Jan 30, 2015","17.10","16.93","17.24","16.93","29.99K","0.35"
"Jan 29, 2015","17.04","17.09","17.18","16.82","71.01K","-0.35"
"Jan 28, 2015","17.10","17.32","17.32","17.10","31.83K","-0.98"
"Jan 27, 2015","17.27","17.20","17.30","17.14","825.16K","-0.63"
"Jan 26, 2015","17.38","17.40","17.42","17.31","84.50K","-0.17"
"Jan 23, 2015","17.41","17.26","17.47","17.26","55.06K","0.81"
"Jan 22, 2015","17.27","17.09","17.29","17.09","33.47K","1.23"
"Jan 21, 2015","17.06","16.80","17.12","16.75","75.30K","1.49"
"Jan 20, 2015","16.81","16.92","16.92","16.78","23.56K","-0.30"
"Jan 19, 2015","16.86","16.85","16.89","16.80","32.32K","0.06"
"Jan 16, 2015","16.85","16.60","16.89","16.60","18.26K","1.51"
"Jan 15, 2015","16.60","16.74","16.74","16.58","50.30K","-0.48"
"Jan 14, 2015","16.68","16.55","16.68","16.43","81.04K","-0.42"
"Jan 13, 2015","16.75","16.76","16.89","16.64","33.01K","0.18"
"Jan 12, 2015","16.72","16.97","16.97","16.68","42.91K","-1.82"
"Jan 09, 2015","17.03","17.17","17.17","16.97","36.38K","-0.47"
"Jan 08, 2015","17.11","17.06","17.20","17.06","32.23K","0.77"
"Jan 07, 2015","16.98","17.06","17.15","16.95","42.12K","0.18"
"Jan 06, 2015","16.95","17.16","17.16","16.86","162.17K","-1.34"
"Jan 05, 2015","17.18","17.54","17.54","17.16","27.39K","-2.61"
"Jan 02, 2015","17.64","17.52","17.64","17.52","30.61K","0.57"
"Dec 31, 2014","17.54","17.50","17.54","17.48","12.14K","0.11"
"Dec 30, 2014","17.52","17.55","17.57","17.49","18.01K","-0.28"
"Dec 29, 2014","17.57","17.56","17.67","17.55","25.94K","0.23"
"Dec 24, 2014","17.53","17.52","17.56","17.52","7.39K","-0.34"
"Dec 23, 2014","17.59","17.36","17.60","17.34","82.31K","1.97"
"Dec 22, 2014","17.25","17.33","17.33","17.20","25.47K","-0.35"
"Dec 19, 2014","17.31","17.20","17.31","17.10","20.98K","1.29"
"Dec 18, 2014","17.09","17.23","17.23","16.97","57.70K","0.95"
"Dec 17, 2014","16.93","16.57","16.93","16.53","41.12K","2.30"
"Dec 16, 2014","16.55","16.25","16.69","16.25","24.56K","1.60"
"Dec 15, 2014","16.29","16.31","16.40","16.23","53.41K","0.12"
"Dec 12, 2014","16.27","16.37","16.40","16.17","37.40K","-1.45"
"Dec 11, 2014","16.51","16.30","16.65","16.30","33.20K","0.92"
"Dec 10, 2014","16.36","16.73","16.73","16.29","49.26K","-2.62"
"Dec 09, 2014","16.80","16.69","16.80","16.66","52.80K","-0.47"
"Dec 08, 2014","16.88","17.21","17.21","16.73","96.13K","-2.09"
"Dec 05, 2014","17.24","17.30","17.33","17.23","13.95K","-0.17"
"Dec 04, 2014","17.27","17.56","17.56","17.27","36.64K","-1.82"
"Dec 03, 2014","17.59","17.43","17.59","17.43","19.96K","0.92"
"Dec 02, 2014","17.43","17.32","17.47","17.30","55.02K","0.52"
"Dec 01, 2014","17.34","17.60","17.65","17.32","45.93K","-2.20"
"Nov 28, 2014","17.73","17.80","17.83","17.73","17.39K","-0.51"
"Nov 27, 2014","17.82","18.08","18.08","17.82","26.46K","-1.49"
"Nov 26, 2014","18.09","18.13","18.13","18.07","16.05K","-0.28"
"Nov 25, 2014","18.14","18.14","18.16","18.11","14.93K","0.28"
"Nov 24, 2014","18.09","18.29","18.29","18.07","24.36K","-1.42"
"Nov 21, 2014","18.35","18.41","18.43","18.33","32.71K","0.27"
"Nov 20, 2014","18.30","18.16","18.30","18.16","11.96K","0.55"
"Nov 19, 2014","18.20","18.19","18.20","18.15","14.63K","0.33"
"Nov 18, 2014","18.14","18.09","18.14","18.08","35.69K","0.28"
"Nov 17, 2014","18.09","17.97","18.10","17.97","27.06K","0.67"
"Nov 14, 2014","17.97","18.00","18.00","17.94","19.31K","0.00"
"Nov 13, 2014","17.97","18.09","18.09","17.92","28.94K","-0.28"
"Nov 12, 2014","18.02","17.96","18.03","17.91","28.15K","0.28"
"Nov 11, 2014","17.97","17.95","17.97","17.92","38.42K","0.34"
"Nov 10, 2014","17.91","18.02","18.02","17.90","34.81K","-0.06"
"Nov 07, 2014","17.92","17.77","17.97","17.77","16.78K","1.07"
"Nov 06, 2014","17.73","17.81","17.81","17.65","16.64K","-0.23"
"Nov 05, 2014","17.77","17.59","17.77","17.59","32.70K","1.43"
"Nov 04, 2014","17.52","17.69","17.70","17.48","94.84K","-1.18"
"Nov 03, 2014","17.73","17.81","17.81","17.72","32.55K","-0.23"
"Oct 31, 2014","17.77","17.74","17.80","17.70","52.24K","0.79"
"Oct 30, 2014","17.63","17.69","17.69","17.58","45.41K","-0.34"
"Oct 29, 2014","17.69","17.77","17.79","17.63","26.12K","-0.06"
"Oct 28, 2014","17.70","17.56","17.72","17.54","28.98K","0.68"
"Oct 27, 2014","17.58","17.67","17.67","17.50","65.98K","-0.68"
"Oct 24, 2014","17.70","17.67","17.72","17.58","45.36K","0.23"
"Oct 23, 2014","17.66","17.59","17.72","17.58","25.29K","0.91"
"Oct 22, 2014","17.50","17.83","17.83","17.50","87.19K","-1.41"
"Oct 21, 2014","17.75","17.67","17.77","17.58","53.07K","1.20"
"Oct 20, 2014","17.54","17.48","17.56","17.39","52.62K","0.57"
"Oct 17, 2014","17.44","17.44","17.53","17.39","65.78K","1.34"
"Oct 16, 2014","17.21","16.72","17.30","16.70","94.10K","1.47"
"Oct 15, 2014","16.96","16.91","16.98","16.70","112.41K","-1.05"
"Oct 14, 2014","17.14","17.29","17.32","17.13","151.33K","-1.78"
"Oct 10, 2014","17.45","17.56","17.61","17.40","65.31K","-0.96"
"Oct 09, 2014","17.62","17.86","17.86","17.60","62.34K","-1.29"
"Oct 08, 2014","17.85","17.91","17.91","17.71","29.32K","-0.50"
"Oct 07, 2014","17.94","18.03","18.07","17.92","37.66K","-0.72"
"Oct 06, 2014","18.07","18.11","18.19","18.04","28.92K","0.06"
"Oct 03, 2014","18.06","18.01","18.11","18.00","29.72K","0.67"
"Oct 02, 2014","17.94","18.00","18.00","17.73","69.77K","-0.55"
"Oct 01, 2014","18.04","18.22","18.22","17.98","35.68K","-0.99"
"Sep 30, 2014","18.22","18.20","18.26","18.14","37.31K","0.00"
"Sep 29, 2014","18.22","18.12","18.23","18.04","28.02K","0.11"
"Sep 26, 2014","18.20","18.05","18.23","18.00","27.58K","0.83"
"Sep 25, 2014","18.05","18.32","18.32","18.01","47.51K","-1.85"
"Sep 24, 2014","18.39","18.35","18.40","18.21","28.34K","0.11"
"Sep 23, 2014","18.37","18.37","18.43","18.34","31.50K","-0.27"
"Sep 22, 2014","18.42","18.60","18.60","18.41","74.27K","-1.07"
"Sep 19, 2014","18.62","18.76","18.76","18.57","49.69K","-0.75"
"Sep 18, 2014","18.76","18.74","18.78","18.72","19.92K","0.21"
"Sep 17, 2014","18.72","18.82","18.82","18.67","26.54K","-0.53"
"Sep 16, 2014","18.82","18.82","18.86","18.80","21.06K","-0.16"
"Sep 15, 2014","18.85","18.86","18.86","18.78","21.85K","-0.11"
"Sep 12, 2014","18.87","18.89","18.93","18.85","26.52K","-0.05"
"Sep 11, 2014","18.88","18.80","18.88","18.80","11.64K","0.21"
"Sep 10, 2014","18.84","18.89","18.89","18.81","25.03K","-0.32"
"Sep 09, 2014","18.90","18.86","18.92","18.81","13.37K","0.27"
"Sep 08, 2014","18.85","18.95","18.95","18.84","53.46K","-0.68"
"Sep 05, 2014","18.98","19.03","19.03","18.94","11.92K","-0.47"
"Sep 04, 2014","19.07","19.08","19.12","19.05","16.89K","-0.10"
"Sep 03, 2014","19.09","19.03","19.09","19.03","12.17K","0.42"
"Sep 02, 2014","19.01","18.99","19.03","18.97","11.88K","0.11"
"Aug 29, 2014","18.99","18.98","19.00","18.90","18.73K","0.26"
"Aug 28, 2014","18.94","18.95","18.97","18.93","12.78K","-0.05"
"Aug 27, 2014","18.95","18.96","19.00","18.95","18.69K","-0.05"
"Aug 26, 2014","18.96","18.95","19.00","18.95","27.25K","-0.37"
"Aug 25, 2014","19.03","18.96","19.04","18.96","8.36K","0.42"
"Aug 22, 2014","18.95","18.97","18.97","18.93","18.09K","-0.21"
"Aug 21, 2014","18.99","18.95","19.00","18.94","39.61K","0.26"
"Aug 20, 2014","18.94","18.84","18.94","18.80","8.81K","0.42"
"Aug 19, 2014","18.86","18.75","18.86","18.74","18.06K","0.69"
"Aug 18, 2014","18.73","18.73","18.77","18.72","17.59K","0.21"
"Aug 15, 2014","18.69","18.67","18.69","18.58","54.13K","0.43"
"Aug 14, 2014","18.61","18.62","18.64","18.60","9.28K","0.05"
"Aug 13, 2014","18.60","18.66","18.66","18.59","23.92K","-0.11"
"Aug 12, 2014","18.62","18.58","18.66","18.57","17.22K","0.16"
"Aug 11, 2014","18.59","18.55","18.64","18.55","18.84K","0.32"
"Aug 08, 2014","18.53","18.44","18.53","18.41","12.24K","0.82"
"Aug 07, 2014","18.38","18.55","18.55","18.38","108.07K","-0.54"
"Aug 06, 2014","18.48","18.39","18.49","18.37","10.94K","0.27"
"Aug 05, 2014","18.43","18.46","18.50","18.39","24.71K","-0.05"
"Aug 01, 2014","18.44","18.55","18.58","18.35","31.59K","-0.75"
"Jul 31, 2014","18.58","18.75","18.75","18.53","38.79K","-1.06"
"Jul 30, 2014","18.78","18.78","18.78","18.73","24.11K","0.37"
"Jul 29, 2014","18.71","18.69","18.76","18.69","11.93K","0.11"
"Jul 28, 2014","18.69","18.68","18.69","18.63","19.42K","-0.43"
"Jul 25, 2014","18.77","18.77","18.83","18.75","14.28K","0.00"
"Jul 24, 2014","18.77","18.78","18.80","18.75","13.66K","0.27"
"Jul 23, 2014","18.72","18.67","18.72","18.67","9.22K","0.38"
"Jul 22, 2014","18.65","18.55","18.66","18.55","21.93K","0.70"
"Jul 21, 2014","18.52","18.55","18.55","18.50","29.77K","-0.27"
"Jul 18, 2014","18.57","18.48","18.58","18.48","15.75K","0.49"
"Jul 17, 2014","18.48","18.55","18.56","18.48","27.53K","-0.38"
"Jul 16, 2014","18.55","18.43","18.55","18.43","16.49K","0.76"
"Jul 15, 2014","18.41","18.44","18.45","18.35","39.67K","-0.11"
"Jul 14, 2014","18.43","18.42","18.47","18.42","17.51K","0.27"
"Jul 11, 2014","18.38","18.45","18.45","18.36","42.94K","-0.38"
"Jul 10, 2014","18.45","18.40","18.45","18.37","29.69K","-0.27"
"Jul 09, 2014","18.50","18.46","18.50","18.44","18.77K","0.33"
"Jul 08, 2014","18.44","18.50","18.50","18.37","286.30K","-0.49"
"Jul 07, 2014","18.53","18.60","18.60","18.48","29.45K","-0.43"
"Jul 04, 2014","18.61","18.61","18.63","18.61","16.16K","0.00"
"Jul 03, 2014","18.61","18.63","18.66","18.60","49.36K","0.00"
"Jul 02, 2014","18.61","18.55","18.61","18.55","83.36K","0.27"
"Jun 30, 2014","18.56","18.48","18.56","18.48","30.42K","0.71"
"Jun 27, 2014","18.43","18.40","18.44","18.40","8.35K","0.16"
"Jun 26, 2014","18.40","18.35","18.41","18.31","20.62K","0.27"
"Jun 25, 2014","18.35","18.32","18.38","18.30","26.22K","-0.27"
"Jun 24, 2014","18.40","18.53","18.55","18.38","37.15K","-0.81"
"Jun 23, 2014","18.55","18.59","18.59","18.52","26.49K","-0.27"
"Jun 20, 2014","18.60","18.64","18.64","18.59","23.28K","-0.16"
"Jun 19, 2014","18.63","18.69","18.69","18.61","37.26K","-0.32"
"Jun 18, 2014","18.69","18.68","18.71","18.66","22.25K","0.11"
"Jun 17, 2014","18.67","18.64","18.68","18.63","8.12K","0.11"
"Jun 16, 2014","18.65","18.56","18.65","18.56","45.28K","0.54"
"Jun 13, 2014","18.55","18.45","18.55","18.45","16.16K","0.82"
"Jun 12, 2014","18.40","18.42","18.43","18.40","8.01K","-0.16"
"Jun 11, 2014","18.43","18.45","18.46","18.39","61.69K","-0.27"
"Jun 10, 2014","18.48","18.43","18.48","18.40","41.38K","0.22"
"Jun 09, 2014","18.44","18.40","18.46","18.40","20.85K","0.27"
"Jun 06, 2014","18.39","18.36","18.42","18.36","13.44K","0.16"
"Jun 05, 2014","18.36","18.38","18.39","18.33","39.88K","0.00"
"Jun 04, 2014","18.36","18.29","18.36","18.25","22.46K","0.38"
"Jun 03, 2014","18.29","18.27","18.32","18.25","15.42K","0.16"
"Jun 02, 2014","18.26","18.17","18.26","18.17","32.36K","0.44"
"May 30, 2014","18.18","18.10","18.18","18.10","23.20K","0.28"
"May 29, 2014","18.13","18.22","18.22","18.10","15.41K","-0.28"
"May 28, 2014","18.18","18.25","18.25","18.16","29.26K","-0.27"
"May 27, 2014","18.23","18.29","18.29","18.20","19.98K","-0.55"
"May 26, 2014","18.33","18.33","18.34","18.31","87.46K","0.16"
"May 23, 2014","18.30","18.29","18.30","18.27","75.29K","0.22"
"May 22, 2014","18.26","18.19","18.31","18.19","18.11K","0.55"
"May 21, 2014","18.16","18.04","18.16","18.04","12.74K","0.67"
"May 20, 2014","18.04","18.09","18.09","18.02","46.73K","-0.22"
"May 16, 2014","18.08","18.15","18.15","18.05","25.51K","-0.28"
"May 15, 2014","18.13","18.21","18.22","18.09","24.53K","-0.60"
"May 14, 2014","18.24","18.21","18.24","18.20","33.34K","0.22"
"May 13, 2014","18.20","18.16","18.20","18.14","18.26K","0.28"
"May 12, 2014","18.15","18.06","18.15","18.06","15.84K","0.72"
"May 09, 2014","18.02","18.08","18.08","17.97","16.14K","-0.17"
"May 08, 2014","18.05","18.12","18.15","18.02","42.33K","-0.39"
"May 07, 2014","18.12","18.11","18.12","18.07","25.11K","0.39"
"May 06, 2014","18.05","18.11","18.11","18.04","17.67K","-0.44"
"May 05, 2014","18.13","18.12","18.16","18.08","26.54K","0.06"
"May 02, 2014","18.12","18.11","18.13","18.10","9.64K","0.28"
"May 01, 2014","18.07","18.09","18.11","18.05","13.46K","-0.17"
"Apr 30, 2014","18.10","17.99","18.10","17.98","8.17K","0.56"
"Apr 29, 2014","18.00","17.91","18.03","17.91","41.14K","0.39"
"Apr 28, 2014","17.93","17.98","18.00","17.89","22.85K","-0.11"
"Apr 25, 2014","17.95","17.98","17.98","17.88","29.34K","-0.66"
"Apr 24, 2014","18.07","18.08","18.11","18.05","60.44K","0.00"
"Apr 23, 2014","18.07","18.09","18.12","18.06","24.65K","-0.11"
"Apr 22, 2014","18.09","18.10","18.10","18.05","26.54K","-0.06"
"Apr 21, 2014","18.10","18.13","18.16","18.10","18.83K","-0.06"
"Apr 17, 2014","18.11","18.02","18.13","18.00","50.20K","0.50"
"Apr 16, 2014","18.02","17.89","18.02","17.89","15.45K","1.07"
"Apr 15, 2014","17.83","17.77","17.86","17.77","69.09K","0.22"
"Apr 14, 2014","17.79","17.79","17.85","17.73","14.04K","0.17"
"Apr 11, 2014","17.76","17.77","17.77","17.73","12.37K","-0.28"
"Apr 10, 2014","17.81","17.85","17.90","17.76","16.31K","-0.28"
"Apr 09, 2014","17.86","17.83","17.88","17.83","82.75K","0.28"
"Apr 08, 2014","17.81","17.72","17.82","17.72","11.47K","0.45"
"Apr 07, 2014","17.73","17.79","17.80","17.73","36.49K","-0.56"
"Apr 04, 2014","17.83","17.85","17.87","17.79","27.98K","0.17"
"Apr 03, 2014","17.80","17.86","17.86","17.78","29.52K","-0.39"
"Apr 02, 2014","17.87","17.80","17.87","17.80","29.80K","0.34"
"Apr 01, 2014","17.81","17.80","17.82","17.78","26.56K","0.11"
"Mar 31, 2014","17.79","17.73","17.80","17.73","80.41K","0.68"
"Mar 28, 2014","17.67","17.63","17.70","17.63","47.18K","0.40"
"Mar 27, 2014","17.60","17.59","17.61","17.57","25.90K","0.17"
"Mar 26, 2014","17.57","17.62","17.65","17.57","34.28K","-0.34"
"Mar 25, 2014","17.63","17.65","17.66","17.62","46.72K","0.11"
"Mar 24, 2014","17.61","17.62","17.63","17.55","87.53K","0.17"
"Mar 21, 2014","17.58","17.54","17.61","17.54","13.58K","0.23"
"Mar 20, 2014","17.54","17.53","17.57","17.53","10.69K","0.06"
"Mar 19, 2014","17.53","17.53","17.65","17.51","24.22K","0.06"
"Mar 18, 2014","17.52","17.39","17.52","17.39","26.97K","0.86"
"Mar 17, 2014","17.37","17.35","17.40","17.34","19.07K","0.23"
"Mar 14, 2014","17.33","17.32","17.36","17.31","23.10K","0.00"
"Mar 13, 2014","17.33","17.38","17.42","17.31","77.19K","-0.23"
"Mar 12, 2014","17.37","17.32","17.37","17.30","16.13K","-0.06"
"Mar 11, 2014","17.38","17.41","17.43","17.36","53.62K","-0.06"
"Mar 10, 2014","17.39","17.40","17.41","17.38","25.55K","-0.06"
"Mar 07, 2014","17.40","17.41","17.41","17.37","25.15K","0.00"
"Mar 06, 2014","17.40","17.43","17.43","17.38","36.22K","-0.06"
"Mar 05, 2014","17.41","17.37","17.41","17.37","22.32K","0.23"
"Mar 04, 2014","17.37","17.29","17.37","17.29","60.03K","0.70"
"Mar 03, 2014","17.25","17.20","17.27","17.20","31.23K","-0.29"
"Feb 28, 2014","17.30","17.23","17.32","17.23","32.27K","0.23"
"Feb 27, 2014","17.26","17.21","17.26","17.21","14.57K","0.35"
"Feb 26, 2014","17.20","17.24","17.24","17.20","31.12K","-0.06"
"Feb 25, 2014","17.21","17.21","17.24","17.18","27.61K","-0.29"
"Feb 24, 2014","17.26","17.23","17.32","17.23","22.71K","-0.06"
"Feb 21, 2014","17.27","17.21","17.30","17.21","29.09K","0.29"
"Feb 20, 2014","17.22","17.20","17.23","17.18","33.90K","-0.29"
"Feb 19, 2014","17.27","17.27","17.30","17.24","21.62K","0.17"
"Feb 18, 2014","17.24","17.30","17.30","17.24","45.81K","-0.17"
"Feb 14, 2014","17.27","17.23","17.30","17.20","37.94K","0.35"
"Feb 13, 2014","17.21","17.14","17.22","17.10","58.93K","0.35"
"Feb 12, 2014","17.15","17.11","17.19","17.11","39.36K","0.29"
"Feb 11, 2014","17.10","17.03","17.13","17.02","50.83K","0.47"
"Feb 10, 2014","17.02","17.10","17.10","17.00","54.51K","-0.29"
"Feb 07, 2014","17.07","17.05","17.07","16.98","15.47K","0.12"
"Feb 06, 2014","17.05","16.85","17.05","16.84","41.88K","1.61"
"Feb 05, 2014","16.78","16.74","16.80","16.70","36.70K","0.36"
"Feb 04, 2014","16.72","16.71","16.73","16.68","47.73K","0.18"
"Feb 03, 2014","16.69","16.96","16.96","16.69","80.89K","-1.53"
"Jan 31, 2014","16.95","16.84","16.95","16.84","32.66K","0.06"
"Jan 30, 2014","16.94","16.89","16.94","16.88","13.71K","0.59"
"Jan 29, 2014","16.84","16.90","16.90","16.81","27.28K","-0.71"
"Jan 28, 2014","16.96","16.92","16.96","16.92","28.44K","-0.12"
"Jan 27, 2014","16.98","17.05","17.05","16.90","66.24K","-0.47"
"Jan 24, 2014","17.06","17.20","17.20","17.03","55.27K","-1.10"
"Jan 23, 2014","17.25","17.32","17.32","17.25","32.91K","-0.40"
"Jan 22, 2014","17.32","17.36","17.36","17.32","27.53K","-0.12"
"Jan 21, 2014","17.34","17.40","17.40","17.33","29.86K","0.17"
"Jan 20, 2014","17.31","17.29","17.32","17.28","38.91K","0.35"
"Jan 17, 2014","17.25","17.25","17.28","17.24","67.30K","-0.06"
"Jan 16, 2014","17.26","17.16","17.26","17.15","24.18K","0.64"
"Jan 15, 2014","17.15","17.13","17.16","17.12","59.26K","0.23"
"Jan 14, 2014","17.11","17.14","17.15","17.10","36.02K","0.29"
"Jan 13, 2014","17.06","17.19","17.19","17.06","38.39K","-0.64"
"Jan 10, 2014","17.17","17.10","17.18","17.10","25.17K","0.59"
"Jan 09, 2014","17.07","17.13","17.13","17.05","23.65K","-0.12"
"Jan 08, 2014","17.09","17.10","17.11","17.07","28.11K","-0.06"
"Jan 07, 2014","17.10","17.10","17.15","17.09","19.11K","0.06"
"Jan 06, 2014","17.09","17.12","17.12","17.03","42.98K","0.12"
"Jan 03, 2014","17.07","17.09","17.12","17.05","15.17K","-0.06"
"Jan 02, 2014","17.08","17.21","17.21","17.06","29.20K","-0.81"
"Dec 31, 2013","17.22","17.18","17.25","17.18","8.05K","0.06"
"Dec 30, 2013","17.21","17.19","17.21","17.17","24.19K","0.12"
"Dec 27, 2013","17.19","17.14","17.20","17.14","17.81K","0.64"
"Dec 24, 2013","17.08","17.02","17.08","17.02","7.46K","0.12"
"Dec 23, 2013","17.06","17.04","17.07","17.02","41.97K","0.35"
"Dec 20, 2013","17.00","17.00","17.07","17.00","42.64K","0.24"
"Dec 19, 2013","16.96","16.89","16.97","16.89","18.57K","0.36"
"Dec 18, 2013","16.90","16.78","16.90","16.78","117.78K","0.60"
"Dec 17, 2013","16.80","16.76","16.81","16.74","21.59K","0.30"
"Dec 16, 2013","16.75","16.76","16.80","16.75","32.01K","0.18"
"Dec 13, 2013","16.72","16.67","16.72","16.66","8.63K","0.12"
"Dec 12, 2013","16.70","16.69","16.71","16.66","26.71K","-0.12"
"Dec 11, 2013","16.72","16.92","16.92","16.72","49.00K","-1.24"
"Dec 10, 2013","16.93","16.91","16.95","16.90","46.81K","0.06"
"Dec 09, 2013","16.92","16.95","16.96","16.92","29.02K","-0.06"
"Dec 06, 2013","16.93","16.89","16.95","16.87","31.75K","0.47"
"Dec 05, 2013","16.85","16.85","16.89","16.85","19.38K","-0.06"
"Dec 04, 2013","16.86","16.95","16.95","16.81","24.90K","-0.71"
"Dec 03, 2013","16.98","16.93","17.01","16.90","47.02K","-0.06"
"Dec 02, 2013","16.99","17.02","17.05","16.99","40.83K","-0.53"
"Nov 29, 2013","17.08","16.97","17.08","16.96","27.48K","0.65"
"Nov 28, 2013","16.97","16.99","17.00","16.96","24.37K","-0.06"
"Nov 27, 2013","16.98","16.99","17.01","16.97","29.48K","-0.18"
"Nov 26, 2013","17.01","17.12","17.12","17.00","29.68K","-0.99"
"Nov 25, 2013","17.18","17.22","17.22","17.18","29.86K","-0.23"
"Nov 22, 2013","17.22","17.18","17.22","17.17","31.49K","0.29"
"Nov 21, 2013","17.17","17.12","17.19","17.12","28.70K","0.23"
"Nov 20, 2013","17.13","17.19","17.19","17.08","23.06K","-0.35"
"Nov 19, 2013","17.19","17.16","17.22","17.16","15.67K","0.12"
"Nov 18, 2013","17.17","17.19","17.24","17.17","26.75K","0.12"
"Nov 15, 2013","17.15","17.11","17.16","17.10","14.58K","0.23"
"Nov 14, 2013","17.11","17.04","17.11","17.03","22.14K","0.41"
"Nov 13, 2013","17.04","16.94","17.04","16.94","11.41K","0.53"
"Nov 12, 2013","16.95","17.00","17.00","16.95","17.35K","-0.29"
"Nov 11, 2013","17.00","17.05","17.06","17.00","19.05K","-0.29"
"Nov 08, 2013","17.05","16.99","17.07","16.99","19.53K","0.47"
"Nov 07, 2013","16.97","17.06","17.06","16.96","30.03K","-0.29"
"Nov 06, 2013","17.02","17.00","17.04","17.00","25.36K","0.35"
"Nov 05, 2013","16.96","16.99","16.99","16.91","21.49K","-0.12"
"Nov 04, 2013","16.98","17.04","17.04","16.94","18.32K","-0.18"
"Nov 01, 2013","17.01","17.06","17.06","16.99","20.28K","-0.23"
"Oct 31, 2013","17.05","17.10","17.12","17.05","44.05K","0.12"
"Oct 30, 2013","17.03","17.10","17.10","17.00","32.74K","-0.06"
"Oct 29, 2013","17.04","16.98","17.06","16.98","66.49K","0.59"
"Oct 28, 2013","16.94","16.93","16.96","16.91","35.57K","-0.18"
"Oct 25, 2013","16.97","16.90","16.98","16.88","17.40K","0.53"
"Oct 24, 2013","16.88","16.91","16.91","16.86","27.42K","-0.06"
"Oct 23, 2013","16.89","16.90","16.95","16.89","72.55K","0.00"
"Oct 22, 2013","16.89","16.90","16.92","16.87","32.40K","0.24"
"Oct 21, 2013","16.85","16.83","16.86","16.82","36.11K","0.30"
"Oct 18, 2013","16.80","16.66","16.83","16.66","52.95K","1.08"
"Oct 17, 2013","16.62","16.54","16.62","16.49","37.13K","0.73"
"Oct 16, 2013","16.50","16.51","16.54","16.49","17.46K","0.06"
"Oct 15, 2013","16.49","16.53","16.53","16.46","48.33K","0.00"
"Oct 11, 2013","16.49","16.45","16.51","16.44","12.94K","0.30"
"Oct 10, 2013","16.44","16.35","16.45","16.35","39.29K","0.67"
"Oct 09, 2013","16.33","16.28","16.35","16.24","28.46K","0.62"
"Oct 08, 2013","16.23","16.35","16.35","16.23","15.51K","-0.73"
"Oct 07, 2013","16.35","16.33","16.37","16.28","14.68K","-0.30"
"Oct 04, 2013","16.40","16.35","16.40","16.33","17.50K","0.31"
"Oct 03, 2013","16.35","16.48","16.48","16.31","64.09K","-0.73"
"Oct 02, 2013","16.47","16.48","16.48","16.42","24.19K","-0.36"
"Oct 01, 2013","16.53","16.45","16.53","16.45","35.38K","0.49"
"Sep 30, 2013","16.45","16.42","16.50","16.39","31.80K","0.12"
"Sep 27, 2013","16.43","16.44","16.46","16.43","12.45K","-0.30"
"Sep 26, 2013","16.48","16.43","16.49","16.43","9.84K","0.30"
"Sep 25, 2013","16.43","16.49","16.50","16.40","26.49K","-0.48"
"Sep 24, 2013","16.51","16.45","16.53","16.44","24.99K","0.43"
"Sep 23, 2013","16.44","16.49","16.49","16.42","26.28K","-0.12"
"Sep 20, 2013","16.46","16.45","16.47","16.43","20.82K","0.30"
"Sep 19, 2013","16.41","16.46","16.46","16.40","40.46K","0.00"
"Sep 18, 2013","16.41","16.35","16.46","16.32","12.02K","0.31"
"Sep 17, 2013","16.36","16.36","16.40","16.34","13.39K","0.00"
"Sep 16, 2013","16.36","16.29","16.36","16.29","28.69K","0.93"
"Sep 13, 2013","16.21","16.25","16.26","16.21","35.57K","-0.12"
"Sep 12, 2013","16.23","16.35","16.35","16.23","33.14K","-0.79"
"Sep 11, 2013","16.36","16.36","16.37","16.32","31.30K","-0.12"
"Sep 10, 2013","16.38","16.38","16.39","16.33","20.20K","0.24"
"Sep 09, 2013","16.34","16.34","16.35","16.32","20.65K","0.12"
"Sep 06, 2013","16.32","16.39","16.40","16.30","24.47K","0.00"
"Sep 05, 2013","16.32","16.23","16.32","16.22","35.76K","0.80"
"Sep 04, 2013","16.19","16.15","16.21","16.12","40.75K","0.25"
"Sep 03, 2013","16.15","16.33","16.35","16.15","54.69K","-0.25"
"Aug 30, 2013","16.19","16.19","16.21","16.18","12.62K","0.06"
"Aug 29, 2013","16.18","16.08","16.20","16.08","5.47K","0.87"
"Aug 28, 2013","16.04","16.03","16.09","16.02","9.47K","0.31"
"Aug 27, 2013","15.99","16.09","16.09","15.97","53.16K","-1.36"
"Aug 26, 2013","16.21","16.26","16.26","16.21","13.76K","-0.06"
"Aug 23, 2013","16.22","16.21","16.22","16.19","10.78K","0.43"
"Aug 22, 2013","16.15","16.16","16.20","16.14","31.16K","-0.12"
"Aug 21, 2013","16.17","16.16","16.17","16.09","22.89K","-0.37"
"Aug 20, 2013","16.23","16.17","16.26","16.14","13.68K","0.56"
"Aug 19, 2013","16.14","16.36","16.36","16.13","51.44K","-1.28"
"Aug 16, 2013","16.35","16.28","16.41","16.28","25.87K","0.37"
"Aug 15, 2013","16.29","16.25","16.29","16.21","23.83K","-0.06"
"Aug 14, 2013","16.30","16.30","16.30","16.25","45.78K","-0.12"
"Aug 13, 2013","16.32","16.28","16.32","16.27","20.65K","0.31"
"Aug 12, 2013","16.27","16.21","16.30","16.21","18.15K","0.12"
"Aug 09, 2013","16.25","16.29","16.29","16.24","21.46K","-0.18"
"Aug 08, 2013","16.28","16.28","16.32","16.24","25.99K","0.31"
"Aug 07, 2013","16.23","16.24","16.26","16.21","46.50K","-0.31"
"Aug 06, 2013","16.28","16.40","16.40","16.24","28.18K","-0.67"
"Aug 02, 2013","16.39","16.44","16.44","16.39","14.83K","-0.24"
"Aug 01, 2013","16.43","16.44","16.46","16.42","13.86K","0.55"
"Jul 31, 2013","16.34","16.48","16.48","16.34","28.77K","-0.55"
"Jul 30, 2013","16.43","16.44","16.46","16.41","29.05K","-0.06"
"Jul 29, 2013","16.44","16.39","16.47","16.39","27.59K","0.24"
"Jul 26, 2013","16.40","16.45","16.48","16.40","35.86K","-0.91"
"Jul 25, 2013","16.55","16.56","16.60","16.53","29.17K","-0.06"
"Jul 24, 2013","16.56","16.70","16.70","16.54","27.16K","-0.60"
"Jul 23, 2013","16.66","16.68","16.70","16.66","27.73K","0.12"
"Jul 22, 2013","16.64","16.63","16.68","16.62","29.67K","0.12"
"Jul 19, 2013","16.62","16.50","16.62","16.50","13.99K","0.36"
"Jul 18, 2013","16.56","16.46","16.59","16.46","446.25K","0.67"
"Jul 17, 2013","16.45","16.45","16.48","16.44","31.12K","0.30"
"Jul 16, 2013","16.40","16.43","16.46","16.38","155.21K","-0.18"
"Jul 15, 2013","16.43","16.43","16.47","16.42","56.08K","0.37"
"Jul 12, 2013","16.37","16.41","16.43","16.37","14.33K","-0.24"
"Jul 11, 2013","16.41","16.29","16.41","16.28","23.62K","1.48"
"Jul 10, 2013","16.17","16.23","16.24","16.16","20.38K","-0.25"
"Jul 09, 2013","16.21","16.20","16.21","16.14","24.93K","0.62"
"Jul 08, 2013","16.11","16.08","16.13","16.06","15.68K","0.50"
"Jul 05, 2013","16.03","16.04","16.04","15.99","17.75K","0.00"
"Jul 04, 2013","16.03","15.99","16.04","15.99","35.78K","0.63"
"Jul 03, 2013","15.93","16.01","16.01","15.90","25.07K","-0.62"
"Jul 02, 2013","16.03","16.22","16.22","15.95","19.45K","0.82"
"Jun 28, 2013","15.90","15.76","15.95","15.76","16.83K","0.82"
"Jun 27, 2013","15.77","15.69","15.81","15.69","35.52K","0.83"
"Jun 26, 2013","15.64","15.73","15.73","15.64","23.00K","-0.06"
"Jun 25, 2013","15.65","15.48","15.65","15.47","55.68K","1.10"
"Jun 24, 2013","15.48","15.63","15.63","15.34","105.64K","-1.46"
"Jun 21, 2013","15.71","15.76","15.77","15.66","30.64K","0.19"
"Jun 20, 2013","15.68","15.89","15.89","15.65","50.92K","-1.94"
"Jun 19, 2013","15.99","16.11","16.11","15.99","38.37K","-0.81"
"Jun 18, 2013","16.12","16.05","16.12","16.05","12.60K","0.62"
"Jun 17, 2013","16.02","16.00","16.04","16.00","28.62K","0.63"
"Jun 14, 2013","15.92","15.90","15.95","15.89","36.59K","0.19"
"Jun 13, 2013","15.89","15.74","15.89","15.67","28.19K","0.76"
"Jun 12, 2013","15.77","16.02","16.02","15.77","62.44K","-1.38"
"Jun 11, 2013","15.99","16.07","16.07","15.98","44.48K","-0.87"
"Jun 10, 2013","16.13","16.12","16.14","16.10","23.35K","0.37"
"Jun 07, 2013","16.07","16.10","16.11","16.01","15.74K","0.25"
"Jun 06, 2013","16.03","16.10","16.10","15.99","29.96K","-0.56"
"Jun 05, 2013","16.12","16.34","16.34","16.09","27.70K","-1.53"
"Jun 04, 2013","16.37","16.44","16.44","16.37","9.94K","-0.43"
"Jun 03, 2013","16.44","16.46","16.49","16.39","21.64K","-0.12"
"May 31, 2013","16.46","16.53","16.55","16.46","50.13K","-0.78"
"May 30, 2013","16.59","16.64","16.64","16.57","35.53K","-0.30"
"May 29, 2013","16.64","16.64","16.68","16.62","24.96K","-0.30"
"May 28, 2013","16.69","16.75","16.76","16.66","30.47K","-0.36"
"May 27, 2013","16.75","16.70","16.75","16.70","40.78K","0.30"
"May 24, 2013","16.70","16.67","16.72","16.67","37.20K","0.12"
"May 23, 2013","16.68","16.65","16.70","16.61","24.72K","-0.42"
"May 22, 2013","16.75","16.86","16.92","16.75","53.66K","-0.36"
"May 21, 2013","16.81","16.72","16.87","16.72","68.57K","0.78"
"May 17, 2013","16.68","16.53","16.69","16.53","55.51K","0.91"
"May 16, 2013","16.53","16.46","16.56","16.46","14.78K","0.49"
"May 15, 2013","16.45","16.52","16.52","16.43","53.63K","-0.60"
"May 14, 2013","16.55","16.48","16.56","16.48","59.59K","0.30"
"May 13, 2013","16.50","16.50","16.53","16.46","29.83K","0.00"
"May 10, 2013","16.50","16.50","16.51","16.48","65.93K","0.06"
"May 09, 2013","16.49","16.52","16.52","16.44","31.09K","-0.12"
"May 08, 2013","16.51","16.50","16.54","16.48","37.29K","0.06"
"May 07, 2013","16.50","16.50","16.51","16.46","66.62K","0.12"
"May 06, 2013","16.48","16.52","16.54","16.48","17.75K","0.00"
"May 03, 2013","16.48","16.46","16.52","16.45","29.20K","0.61"
"May 02, 2013","16.38","16.33","16.43","16.31","74.63K","0.49"
"May 01, 2013","16.30","16.39","16.39","16.26","28.15K","-0.79"
"Apr 30, 2013","16.43","16.20","16.43","16.18","37.95K","1.29"
"Apr 29, 2013","16.22","16.37","16.41","16.20","114.21K","-0.55"
"Apr 26, 2013","16.31","16.30","16.33","16.24","30.50K","0.00"
"Apr 25, 2013","16.31","16.24","16.32","16.20","24.18K","0.12"
"Apr 24, 2013","16.29","16.26","16.30","16.22","34.61K","0.49"
"Apr 23, 2013","16.21","16.19","16.22","16.14","18.87K","0.31"
"Apr 22, 2013","16.16","16.11","16.16","16.03","20.14K","0.56"
"Apr 19, 2013","16.07","16.05","16.10","16.03","17.26K","0.31"
"Apr 18, 2013","16.02","16.08","16.08","15.96","17.53K","0.44"
"Apr 17, 2013","15.95","16.18","16.18","15.95","33.82K","-1.42"
"Apr 16, 2013","16.18","16.09","16.19","16.09","20.13K","0.87"
"Apr 15, 2013","16.04","16.27","16.27","16.03","80.74K","-1.84"
"Apr 12, 2013","16.34","16.40","16.40","16.31","44.73K","-0.55"
"Apr 11, 2013","16.43","16.46","16.46","16.40","36.57K","-0.18"
"Apr 10, 2013","16.46","16.39","16.46","16.39","27.15K","0.67"
"Apr 09, 2013","16.35","16.24","16.35","16.21","17.90K","0.80"
"Apr 08, 2013","16.22","16.21","16.22","16.12","39.95K","0.56"
"Apr 05, 2013","16.13","16.10","16.13","16.01","70.97K","-0.25"
"Apr 04, 2013","16.17","16.35","16.35","16.17","106.63K","-0.92"
"Apr 03, 2013","16.32","16.54","16.54","16.29","70.56K","-1.33"
"Apr 02, 2013","16.54","16.47","16.54","16.46","17.51K","0.49"
"Apr 01, 2013","16.46","16.55","16.57","16.46","15.86K","-0.36"
"Mar 28, 2013","16.52","16.51","16.53","16.48","14.91K","0.00"
"Mar 27, 2013","16.52","16.57","16.57","16.45","34.32K","-0.18"
"Mar 26, 2013","16.55","16.52","16.56","16.48","42.27K","0.55"
"Mar 25, 2013","16.46","16.57","16.59","16.45","62.51K","-0.78"
"Mar 22, 2013","16.59","16.64","16.64","16.58","30.01K","-0.12"
"Mar 21, 2013","16.61","16.70","16.70","16.61","29.01K","-0.42"
"Mar 20, 2013","16.68","16.68","16.68","16.65","35.76K","0.54"
"Mar 19, 2013","16.59","16.64","16.66","16.59","22.49K","-0.06"
"Mar 18, 2013","16.60","16.63","16.68","16.58","39.72K","-0.36"
"Mar 15, 2013","16.66","16.59","16.66","16.55","15.31K","0.60"
"Mar 14, 2013","16.56","16.50","16.56","16.50","5.13K","0.42"
"Mar 13, 2013","16.49","16.62","16.62","16.47","70.06K","-0.72"
"Mar 12, 2013","16.61","16.64","16.64","16.60","22.00K","-0.06"
"Mar 11, 2013","16.62","16.59","16.62","16.55","24.04K","0.24"
"Mar 08, 2013","16.58","16.63","16.63","16.55","42.08K","0.00"
"Mar 07, 2013","16.58","16.64","16.64","16.55","20.51K","0.00"
"Mar 06, 2013","16.58","16.64","16.64","16.58","21.33K","0.30"
"Mar 05, 2013","16.53","16.65","16.65","16.53","48.46K","-0.24"
"Mar 04, 2013","16.57","16.63","16.63","16.52","59.25K","-0.18"
"Mar 01, 2013","16.60","16.59","16.63","16.52","33.34K","-0.54"
"Feb 28, 2013","16.69","16.62","16.69","16.60","23.39K","0.54"
"Feb 27, 2013","16.60","16.59","16.65","16.57","24.62K","0.12"
"Feb 26, 2013","16.58","16.65","16.65","16.55","36.49K","-0.06"
"Feb 25, 2013","16.59","16.76","16.76","16.59","46.06K","-0.84"
"Feb 22, 2013","16.73","16.69","16.74","16.68","24.12K","0.48"
"Feb 21, 2013","16.65","16.75","16.75","16.63","37.47K","-0.60"
"Feb 20, 2013","16.75","16.87","16.87","16.75","34.62K","-0.53"
"Feb 19, 2013","16.84","16.72","16.84","16.72","27.13K","1.02"
"Feb 15, 2013","16.67","16.70","16.70","16.67","45.67K","-0.12"
"Feb 14, 2013","16.69","16.78","16.78","16.69","36.99K","-0.48"
"Feb 13, 2013","16.77","16.84","16.84","16.75","26.58K","-0.18"
"Feb 12, 2013","16.80","16.79","16.81","16.77","16.13K","0.18"
"Feb 11, 2013","16.77","16.83","16.83","16.75","19.15K","0.18"
"Feb 08, 2013","16.74","16.75","16.79","16.74","24.60K","-0.18"
"Feb 07, 2013","16.77","16.83","16.83","16.74","32.78K","-0.24"
"Feb 06, 2013","16.81","16.73","16.82","16.73","31.53K","0.48"
"Feb 05, 2013","16.73","16.74","16.75","16.72","17.28K","0.30"
"Feb 04, 2013","16.68","16.76","16.76","16.68","32.07K","-0.71"
"Feb 01, 2013","16.80","16.75","16.81","16.75","28.43K","0.48"
"Jan 31, 2013","16.72","16.82","16.82","16.70","30.70K","-0.36"
"Jan 30, 2013","16.78","16.87","16.88","16.77","47.22K","-0.42"
"Jan 29, 2013","16.85","16.81","16.85","16.78","20.89K","0.48"
"Jan 28, 2013","16.77","16.83","16.83","16.77","47.67K","-0.47"
"Jan 25, 2013","16.85","16.92","16.92","16.85","19.18K","0.00"
"Jan 24, 2013","16.85","16.87","16.90","16.85","26.21K","0.18"
"Jan 23, 2013","16.82","16.79","16.84","16.79","27.48K","0.24"
"Jan 22, 2013","16.78","16.78","16.79","16.73","23.79K","0.24"
"Jan 21, 2013","16.74","16.74","16.74","16.67","30.14K","0.54"
"Jan 18, 2013","16.65","16.60","16.67","16.60","23.26K","0.42"
"Jan 17, 2013","16.58","16.52","16.58","16.51","19.33K","0.79"
"Jan 16, 2013","16.45","16.47","16.47","16.43","29.46K","-0.06"
"Jan 15, 2013","16.46","16.44","16.46","16.40","8.50K","0.24"
"Jan 14, 2013","16.42","16.49","16.49","16.39","36.43K","0.00"
"Jan 11, 2013","16.42","16.46","16.46","16.40","11.73K","-0.06"
"Jan 10, 2013","16.43","16.45","16.45","16.37","16.62K","0.31"
"Jan 09, 2013","16.38","16.43","16.43","16.37","20.07K","0.00"
"Jan 08, 2013","16.38","16.45","16.45","16.34","54.07K","-0.18"
"Jan 07, 2013","16.41","16.43","16.43","16.32","19.94K","0.12"
"Jan 04, 2013","16.39","16.34","16.39","16.31","18.01K","0.68"
"Jan 03, 2013","16.28","16.34","16.34","16.25","16.12K","-0.12"
"Jan 02, 2013","16.30","16.30","16.30","16.22","13.33K","0.99"
"Dec 31, 2012","16.14","16.03","16.14","16.03","5.70K","0.81"
"Dec 28, 2012","16.01","16.01","16.01","15.99","6.69K","0.13"
"Dec 27, 2012","15.99","16.06","16.06","15.97","14.17K","-0.25"
"Dec 24, 2012","16.03","16.07","16.08","15.99","10.90K","-0.31"
"Dec 21, 2012","16.08","16.05","16.09","16.04","28.13K","0.00"
"Dec 20, 2012","16.08","16.06","16.08","16.05","12.87K","0.06"
"Dec 19, 2012","16.07","16.03","16.08","16.03","14.36K","0.56"
"Dec 18, 2012","15.98","15.90","15.99","15.89","14.35K","0.76"
"Dec 17, 2012","15.86","15.90","15.90","15.82","7.57K","0.06"
"Dec 14, 2012","15.85","15.91","15.91","15.85","15.68K","-0.25"
"Dec 13, 2012","15.89","15.91","15.91","15.86","23.87K","-0.06"
"Dec 12, 2012","15.90","15.87","15.94","15.87","14.05K","0.63"
"Dec 11, 2012","15.80","15.80","15.84","15.79","17.51K","0.45"
"Dec 10, 2012","15.73","15.77","15.77","15.70","11.52K","0.25"
"Dec 07, 2012","15.69","15.66","15.70","15.65","9.28K","0.71"
"Dec 06, 2012","15.58","15.64","15.64","15.55","23.58K","0.32"
"Dec 05, 2012","15.53","15.55","15.59","15.53","36.59K","0.19"
"Dec 04, 2012","15.50","15.55","15.55","15.50","17.33K","-0.45"
"Dec 03, 2012","15.57","15.68","15.68","15.57","11.44K","-0.45"
"Nov 30, 2012","15.64","15.57","15.64","15.57","17.72K","0.64"
"Nov 29, 2012","15.54","15.54","15.57","15.54","14.58K","0.58"
"Nov 28, 2012","15.45","15.49","15.49","15.43","16.71K","-0.32"
"Nov 27, 2012","15.50","15.56","15.56","15.47","9.51K","-0.45"
"Nov 26, 2012","15.57","15.64","15.64","15.57","13.90K","-0.13"
"Nov 23, 2012","15.59","15.55","15.60","15.55","11.85K","0.32"
"Nov 22, 2012","15.54","15.51","15.55","15.50","22.54K","0.58"
"Nov 21, 2012","15.45","15.42","15.46","15.42","28.99K","0.13"
"Nov 20, 2012","15.43","15.52","15.52","15.39","29.15K","0.00"
"Nov 19, 2012","15.43","15.38","15.43","15.38","18.85K","1.18"
"Nov 16, 2012","15.25","15.17","15.25","15.10","39.92K","0.86"
"Nov 15, 2012","15.12","15.30","15.30","15.12","54.72K","-1.31"
"Nov 14, 2012","15.32","15.51","15.53","15.32","26.38K","-1.23"
"Nov 13, 2012","15.51","15.54","15.54","15.50","13.07K","-0.26"
"Nov 12, 2012","15.55","15.61","15.61","15.55","3.62K","0.00"
"Nov 09, 2012","15.55","15.49","15.59","15.49","20.66K","0.06"
"Nov 08, 2012","15.54","15.60","15.63","15.54","15.48K","-0.38"
"Nov 07, 2012","15.60","15.78","15.78","15.60","38.03K","-1.02"
"Nov 06, 2012","15.76","15.81","15.81","15.76","14.67K","-0.38"
"Nov 05, 2012","15.82","15.89","15.89","15.82","4.75K","-0.38"
"Nov 02, 2012","15.88","15.93","15.95","15.87","14.92K","-0.25"
"Nov 01, 2012","15.92","15.89","15.92","15.88","6.42K","0.38"
"Oct 31, 2012","15.86","15.84","15.87","15.83","33.35K","0.44"
"Oct 30, 2012","15.79","15.72","15.79","15.72","5.93K","0.64"
"Oct 29, 2012","15.69","15.71","15.71","15.67","92.13K","-0.13"
"Oct 26, 2012","15.71","15.68","15.71","15.68","14.27K","0.06"
"Oct 25, 2012","15.70","15.75","15.75","15.67","7.00K","0.26"
"Oct 24, 2012","15.66","15.74","15.74","15.66","24.92K","0.06"
"Oct 23, 2012","15.65","15.72","15.72","15.61","10.71K","-0.76"
"Oct 22, 2012","15.77","15.80","15.80","15.74","12.34K","-0.06"
"Oct 19, 2012","15.78","15.85","15.85","15.77","6.68K","-0.25"
"Oct 18, 2012","15.82","15.83","15.84","15.82","4.46K","0.19"
"Oct 17, 2012","15.79","15.81","15.81","15.78","40.58K","0.25"
"Oct 16, 2012","15.75","15.69","15.76","15.68","7.45K","1.09"
"Oct 15, 2012","15.58","15.60","15.60","15.53","9.69K","0.19"
"Oct 12, 2012","15.55","15.62","15.62","15.55","22.01K","-0.32"
"Oct 11, 2012","15.60","15.67","15.67","15.59","23.48K","0.06"
"Oct 10, 2012","15.59","15.69","15.69","15.57","31.04K","-0.57"
"Oct 09, 2012","15.68","15.78","15.78","15.68","14.55K","-0.57"
"Oct 05, 2012","15.77","15.77","15.79","15.77","12.51K","0.13"
"Oct 04, 2012","15.75","15.70","15.77","15.70","10.20K","0.19"
"Oct 03, 2012","15.72","15.78","15.78","15.72","13.74K","0.00"
"Oct 02, 2012","15.72","15.73","15.73","15.71","14.13K","0.26"
"Oct 01, 2012","15.68","15.72","15.73","15.68","17.40K","0.32"
"Sep 28, 2012","15.63","15.62","15.63","15.56","21.71K","0.06"
"Sep 27, 2012","15.62","15.63","15.63","15.57","23.80K","0.32"
"Sep 26, 2012","15.57","15.58","15.58","15.52","19.14K","-0.19"
"Sep 25, 2012","15.60","15.70","15.70","15.60","36.42K","-0.64"
"Sep 24, 2012","15.70","15.75","15.76","15.69","34.51K","-0.19"
"Sep 21, 2012","15.73","15.81","15.81","15.73","48.51K","-0.19"
"Sep 20, 2012","15.76","15.80","15.80","15.74","11.59K","-0.13"
"Sep 19, 2012","15.78","15.83","15.83","15.74","35.40K","0.19"
"Sep 18, 2012","15.75","15.77","15.77","15.73","29.28K","-0.25"
"Sep 17, 2012","15.79","15.82","15.83","15.79","12.12K","-0.19"
"Sep 14, 2012","15.82","15.75","15.82","15.74","19.13K","0.89"
"Sep 13, 2012","15.68","15.66","15.68","15.63","15.99K","0.13"
"Sep 12, 2012","15.66","15.65","15.68","15.63","10.78K","0.51"
"Sep 11, 2012","15.58","15.61","15.63","15.58","15.79K","-0.19"
"Sep 10, 2012","15.61","15.61","15.64","15.61","11.14K","0.13"
"Sep 07, 2012","15.59","15.57","15.60","15.54","24.88K","0.26"
"Sep 06, 2012","15.55","15.46","15.55","15.46","5.86K","0.97"
"Sep 05, 2012","15.40","15.40","15.42","15.39","10.96K","-0.13"
"Sep 04, 2012","15.42","15.50","15.50","15.40","21.95K","-0.13"
"Aug 31, 2012","15.44","15.50","15.50","15.44","18.93K","-0.13"
"Aug 30, 2012","15.46","15.59","15.63","15.46","18.91K","-0.58"
"Aug 29, 2012","15.55","15.60","15.60","15.55","6.76K","-0.45"
"Aug 28, 2012","15.62","15.61","15.62","15.60","5.77K","-0.19"
"Aug 27, 2012","15.65","15.70","15.70","15.65","14.61K","-0.32"
"Aug 24, 2012","15.70","15.66","15.70","15.66","11.69K","0.32"
"Aug 23, 2012","15.65","15.80","15.80","15.65","18.94K","-0.19"
"Aug 22, 2012","15.68","15.75","15.75","15.67","13.12K","-0.32"
"Aug 21, 2012","15.73","15.74","15.78","15.73","12.11K","0.13"
"Aug 20, 2012","15.71","15.70","15.72","15.67","9.17K","0.26"
"Aug 17, 2012","15.67","15.64","15.69","15.64","26.29K","0.26"
"Aug 16, 2012","15.63","15.54","15.63","15.53","10.57K","0.71"
"Aug 15, 2012","15.52","15.50","15.53","15.50","9.80K","0.00"
"Aug 14, 2012","15.52","15.47","15.52","15.47","14.60K","0.58"
"Aug 13, 2012","15.43","15.47","15.47","15.42","18.38K","-0.19"
"Aug 10, 2012","15.46","15.42","15.46","15.42","6.37K","0.26"
"Aug 09, 2012","15.42","15.38","15.43","15.38","46.22K","0.39"
"Aug 08, 2012","15.36","15.40","15.41","15.36","10.46K","-0.26"
"Aug 07, 2012","15.40","15.30","15.41","15.30","14.84K","1.18"
"Aug 03, 2012","15.22","15.26","15.28","15.22","21.06K","0.53"
"Aug 02, 2012","15.14","15.18","15.20","15.11","13.97K","-0.66"
"Aug 01, 2012","15.24","15.33","15.33","15.24","20.76K","-0.59"
"Jul 31, 2012","15.33","15.35","15.35","15.33","16.14K","0.07"
"Jul 30, 2012","15.32","15.38","15.38","15.32","21.85K","-0.07"
"Jul 27, 2012","15.33","15.27","15.33","15.27","2.17K","1.12"
"Jul 26, 2012","15.16","15.13","15.16","15.12","8.45K","0.33"
"Jul 25, 2012","15.11","15.15","15.20","15.10","7.52K","-0.26"
"Jul 24, 2012","15.15","15.28","15.28","15.15","17.55K","-0.59"
"Jul 23, 2012","15.24","15.34","15.34","15.20","15.48K","-1.10"
"Jul 20, 2012","15.41","15.44","15.44","15.41","16.27K","-0.32"
"Jul 19, 2012","15.46","15.43","15.46","15.43","34.45K","0.32"
"Jul 18, 2012","15.41","15.40","15.42","15.40","18.15K","0.26"
"Jul 17, 2012","15.37","15.33","15.39","15.33","2.49K","0.20"
"Jul 16, 2012","15.34","15.31","15.34","15.30","11.98K","0.26"
"Jul 13, 2012","15.30","15.23","15.30","15.23","4.99K","0.79"
"Jul 12, 2012","15.18","15.25","15.25","15.18","13.63K","-0.72"
"Jul 11, 2012","15.29","15.25","15.30","15.25","19.28K","0.20"
"Jul 10, 2012","15.26","15.33","15.33","15.25","5.19K","-0.20"
"Jul 09, 2012","15.29","15.32","15.32","15.26","4.73K","-0.26"
"Jul 06, 2012","15.33","15.37","15.37","15.30","7.10K","-0.78"
"Jul 05, 2012","15.45","15.44","15.45","15.39","5.00K","0.06"
"Jul 04, 2012","15.44","15.39","15.49","15.39","3.60K","0.32"
"Jul 03, 2012","15.39","15.30","15.40","15.30","59.14K","1.65"
"Jun 29, 2012","15.14","15.16","15.16","15.10","9.59K","0.87"
"Jun 28, 2012","15.01","14.98","15.01","14.90","23.13K","0.27"
"Jun 27, 2012","14.97","14.91","14.97","14.90","5.90K","0.54"
"Jun 26, 2012","14.89","14.85","14.90","14.84","9.25K","-0.20"
"Jun 25, 2012","14.92","15.10","15.10","14.92","17.48K","-1.32"
"Jun 22, 2012","15.12","15.16","15.16","15.10","6.99K","-0.13"
"Jun 21, 2012","15.14","15.26","15.26","15.14","2.07K","-1.11"
"Jun 20, 2012","15.31","15.32","15.34","15.22","4.45K","0.00"
"Jun 19, 2012","15.31","15.14","15.31","15.14","7.76K","1.39"
"Jun 18, 2012","15.10","15.07","15.11","15.07","12.60K","0.00"
"Jun 15, 2012","15.10","15.07","15.10","15.07","9.37K","0.53"
"Jun 14, 2012","15.02","15.16","15.16","15.02","4.17K","-0.46"
"Jun 13, 2012","15.09","15.09","15.10","15.09","0.71K","-0.13"
"Jun 12, 2012","15.11","15.14","15.14","15.03","5.38K","0.07"
"Jun 11, 2012","15.10","15.28","15.28","15.10","6.94K","-0.66"
"Jun 08, 2012","15.20","15.28","15.28","15.20","34.02K","-1.04"
"Jun 07, 2012","15.36","15.42","15.44","15.36","2.54K","0.39"
"Jun 06, 2012","15.30","15.14","15.30","15.14","3.07K","1.66"
"Jun 05, 2012","15.05","14.85","15.05","14.85","10.84K","1.48"
"Jun 04, 2012","14.83","14.89","14.89","14.76","60.61K","-0.54"
"Jun 01, 2012","14.91","15.11","15.11","14.90","27.92K","-2.10"
"May 31, 2012","15.23","15.20","15.23","15.13","8.70K","0.40"
"May 30, 2012","15.17","15.31","15.31","15.17","7.15K","-1.43"
"May 29, 2012","15.39","15.39","15.39","15.39","1.59K","0.39"
"May 28, 2012","15.33","15.40","15.40","15.33","4.48K","-0.33"
"May 25, 2012","15.38","15.40","15.41","15.38","8.37K","-0.06"
"May 24, 2012","15.39","15.47","15.47","15.39","9.32K","0.33"
"May 23, 2012","15.34","15.39","15.39","15.27","10.05K","-0.84"
"May 22, 2012","15.47","15.43","15.47","15.42","11.44K","1.11"
"May 18, 2012","15.30","15.44","15.44","15.27","11.79K","-0.97"
"May 17, 2012","15.45","15.50","15.50","15.45","1.56K","-0.26"
"May 16, 2012","15.49","15.56","15.62","15.49","18.37K","-0.45"
"May 15, 2012","15.56","15.68","15.68","15.54","11.40K","-0.77"
"May 14, 2012","15.68","15.74","15.74","15.66","20.07K","-0.82"
"May 11, 2012","15.81","15.83","15.86","15.81","11.12K","-0.19"
"May 10, 2012","15.84","15.87","15.87","15.83","21.08K","0.57"
"May 09, 2012","15.75","15.67","15.80","15.67","10.68K","0.19"
"May 08, 2012","15.72","15.82","15.82","15.68","16.80K","-0.82"
"May 07, 2012","15.85","15.80","15.85","15.76","7.26K","-0.13"
"May 04, 2012","15.87","16.01","16.01","15.83","29.05K","-1.24"
"May 03, 2012","16.07","16.21","16.23","16.07","13.54K","-0.99"
"May 02, 2012","16.23","16.22","16.23","16.15","12.97K","-0.25"
"May 01, 2012","16.27","16.24","16.29","16.24","7.09K","0.56"
"Apr 30, 2012","16.18","16.19","16.19","16.16","9.76K","-0.06"
"Apr 27, 2012","16.19","16.14","16.19","16.12","1.62K","0.56"
"Apr 26, 2012","16.10","16.10","16.10","16.06","1.90K","0.19"
"Apr 25, 2012","16.07","16.08","16.08","16.05","12.13K","-0.06"
"Apr 24, 2012","16.08","16.10","16.10","16.08","7.96K","0.19"
"Apr 23, 2012","16.05","16.07","16.07","15.99","32.81K","-0.62"
"Apr 20, 2012","16.15","16.14","16.15","16.12","6.12K","0.44"
"Apr 19, 2012","16.08","16.10","16.12","16.07","8.56K","0.31"
"Apr 18, 2012","16.03","16.07","16.08","16.03","9.26K","-0.25"
"Apr 17, 2012","16.07","16.04","16.07","16.04","8.51K","0.37"
"Apr 16, 2012","16.01","16.04","16.04","16.01","12.39K","-0.12"
"Apr 13, 2012","16.03","16.14","16.14","16.03","7.28K","-0.56"
"Apr 12, 2012","16.12","16.06","16.12","16.04","9.41K","0.56"
"Apr 11, 2012","16.03","15.88","16.04","15.88","5.95K","1.39"
"Apr 10, 2012","15.81","16.01","16.01","15.80","12.50K","-1.31"
"Apr 09, 2012","16.02","16.07","16.07","16.00","28.59K","-0.50"
"Apr 05, 2012","16.10","16.07","16.11","16.07","25.88K","-0.12"
"Apr 04, 2012","16.12","16.13","16.13","16.08","9.27K","-0.49"
"Apr 03, 2012","16.20","16.25","16.25","16.19","29.38K","-0.37"
"Apr 02, 2012","16.26","16.19","16.28","16.19","8.30K","0.49"
"Mar 30, 2012","16.18","16.16","16.21","16.16","5.32K","0.37"
"Mar 29, 2012","16.12","16.23","16.25","16.03","32.40K","-0.80"
"Mar 28, 2012","16.25","16.31","16.32","16.25","21.21K","-0.25"
"Mar 27, 2012","16.29","16.37","16.37","16.29","25.79K","-0.55"
"Mar 26, 2012","16.38","16.36","16.38","16.32","1.33K","0.55"
"Mar 23, 2012","16.29","16.21","16.29","16.21","6.72K","0.56"
"Mar 22, 2012","16.20","16.18","16.20","16.17","3.84K","-0.18"
"Mar 21, 2012","16.23","16.18","16.23","16.15","7.10K","0.19"
"Mar 20, 2012","16.20","16.23","16.23","16.17","8.88K","-0.37"
"Mar 19, 2012","16.26","16.29","16.30","16.26","16.93K","-0.43"
"Mar 16, 2012","16.33","16.31","16.35","16.30","5.19K","0.80"
"Mar 15, 2012","16.20","16.14","16.22","16.14","1.19K","0.25"
"Mar 14, 2012","16.16","16.14","16.17","16.10","23.97K","0.25"
"Mar 13, 2012","16.12","16.01","16.12","16.00","7.33K","0.75"
"Mar 12, 2012","16.00","16.00","16.02","15.96","11.85K","0.13"
"Mar 09, 2012","15.98","15.97","15.99","15.96","12.02K","0.13"
"Mar 08, 2012","15.96","15.91","15.96","15.90","8.49K","0.57"
"Mar 07, 2012","15.87","15.77","15.87","15.76","14.77K","0.70"
"Mar 06, 2012","15.76","15.90","15.90","15.76","16.34K","-1.19"
"Mar 05, 2012","15.95","15.98","15.98","15.93","6.71K","-0.13"
"Mar 02, 2012","15.97","15.97","15.98","15.94","4.36K","-0.19"
"Mar 01, 2012","16.00","15.97","16.04","15.97","8.49K","0.25"
"Feb 29, 2012","15.96","16.00","16.00","15.94","14.44K","-0.13"
"Feb 28, 2012","15.98","15.93","15.98","15.93","9.87K","0.38"
"Feb 27, 2012","15.92","15.92","15.93","15.87","11.78K","0.00"
"Feb 24, 2012","15.92","15.96","15.96","15.92","23.04K","-0.25"
"Feb 23, 2012","15.96","15.93","15.96","15.93","13.34K","0.13"
"Feb 22, 2012","15.94","15.94","15.96","15.92","30.17K","0.00"
"Feb 21, 2012","15.94","15.90","15.98","15.90","21.95K","0.57"
"Feb 17, 2012","15.85","15.86","15.86","15.80","12.69K","0.06"
"Feb 16, 2012","15.84","15.78","15.85","15.78","41.11K","0.51"
"Feb 15, 2012","15.76","15.82","15.82","15.76","21.85K","-0.13"
"Feb 14, 2012","15.78","15.84","15.84","15.74","24.27K","-0.25"
"Feb 13, 2012","15.82","15.84","15.85","15.79","15.92K","0.25"
"Feb 10, 2012","15.78","15.81","15.81","15.70","22.91K","-0.13"
"Feb 09, 2012","15.80","15.84","15.84","15.79","6.40K","-0.06"
"Feb 08, 2012","15.81","15.83","15.84","15.79","9.59K","0.13"
"Feb 07, 2012","15.79","15.79","15.79","15.70","30.42K","0.13"
"Feb 06, 2012","15.77","15.80","15.80","15.76","13.67K","-0.13"
"Feb 03, 2012","15.79","15.80","15.82","15.76","23.90K","0.64"
"Feb 02, 2012","15.69","15.73","15.73","15.69","25.15K","-0.06"
"Feb 01, 2012","15.70","15.61","15.70","15.61","8.39K","0.64"
"Jan 31, 2012","15.60","15.57","15.60","15.51","21.81K","0.45"
"Jan 30, 2012","15.53","15.49","15.54","15.44","14.17K","0.00"
"Jan 27, 2012","15.53","15.59","15.61","15.53","26.26K","-0.32"
"Jan 26, 2012","15.58","15.80","15.80","15.57","23.22K","-1.39"
"Jan 25, 2012","15.80","15.82","15.82","15.76","8.17K","-0.13"
"Jan 24, 2012","15.82","15.90","15.90","15.81","19.17K","-0.50"
"Jan 23, 2012","15.90","15.81","15.91","15.81","15.59K","0.70"
"Jan 20, 2012","15.79","15.78","15.79","15.71","58.43K","0.25"
"Jan 19, 2012","15.75","15.73","15.75","15.72","45.08K","0.38"
"Jan 18, 2012","15.69","15.65","15.71","15.65","15.33K","0.58"
"Jan 17, 2012","15.60","15.68","15.68","15.60","6.06K","0.06"
"Jan 16, 2012","15.59","15.54","15.61","15.54","4.24K","0.45"
"Jan 13, 2012","15.52","15.56","15.56","15.48","10.99K","-0.39"
"Jan 12, 2012","15.58","15.65","15.65","15.57","10.90K","-0.26"
"Jan 11, 2012","15.62","15.65","15.65","15.60","7.86K","-0.06"
"Jan 10, 2012","15.63","15.74","15.74","15.63","8.30K","0.19"
"Jan 09, 2012","15.60","15.64","15.64","15.58","4.79K","-0.06"
"Jan 06, 2012","15.61","15.62","15.65","15.60","17.66K","0.06"
"Jan 05, 2012","15.60","15.62","15.62","15.58","3.62K","-0.13"
"Jan 04, 2012","15.62","15.61","15.66","15.58","17.25K","0.77"
"Jan 03, 2012","15.50","15.56","15.56","15.50","5.08K","0.52"
"Dec 30, 2011","15.42","15.40","15.42","15.40","1.55K","0.78"
"Dec 29, 2011","15.30","15.30","15.30","15.30","10.06K","0.33"
"Dec 28, 2011","15.25","15.39","15.39","15.25","9.58K","-0.78"
"Dec 23, 2011","15.37","15.38","15.42","15.37","1.12K","0.20"
"Dec 22, 2011","15.34","15.25","15.35","15.25","5.58K","0.99"
"Dec 21, 2011","15.19","15.13","15.19","15.13","13.25K","0.00"
"Dec 20, 2011","15.19","15.13","15.19","15.13","4.89K","0.73"
"Dec 19, 2011","15.08","15.11","15.11","15.04","5.14K","0.13"
"Dec 16, 2011","15.06","14.93","15.06","14.93","5.54K","1.21"
"Dec 15, 2011","14.88","14.93","14.93","14.88","4.30K","0.34"
"Dec 14, 2011","14.83","14.99","14.99","14.83","18.24K","-1.13"
"Dec 13, 2011","15.00","15.10","15.10","15.00","2.02K","-0.60"
"Dec 12, 2011","15.09","15.08","15.09","15.04","2.38K","-0.26"
"Dec 09, 2011","15.13","15.07","15.14","15.07","7.52K","0.33"
"Dec 08, 2011","15.08","15.15","15.15","15.08","11.61K","-1.05"
"Dec 07, 2011","15.24","15.09","15.24","15.09","61.12K","0.86"
"Dec 06, 2011","15.11","15.16","15.16","15.08","11.41K","-0.20"
"Dec 05, 2011","15.14","15.13","15.18","15.13","12.18K","0.66"
"Dec 02, 2011","15.04","15.06","15.06","15.03","2.97K","0.13"
"Dec 01, 2011","15.02","15.06","15.06","15.02","1.50K","0.67"
"Nov 30, 2011","14.92","14.92","14.99","14.92","1.00K","1.02"
"Nov 29, 2011","14.77","14.70","14.77","14.70","18.37K","0.54"
"Nov 28, 2011","14.69","14.75","14.75","14.69","8.67K","0.96"
"Nov 25, 2011","14.55","14.57","14.57","14.55","1.51K","-0.61"
"Nov 24, 2011","14.64","14.71","14.71","14.63","3.04K","-0.41"
"Nov 23, 2011","14.70","14.76","14.76","14.65","6.29K","-0.88"
"Nov 22, 2011","14.83","14.82","14.83","14.82","2.50K","0.07"
"Nov 21, 2011","14.82","14.82","14.82","14.78","2.46K","-0.94"
"Nov 18, 2011","14.96","15.01","15.01","14.95","3.30K","0.07"
"Nov 17, 2011","14.95","15.07","15.07","14.95","6.66K","-1.12"
"Nov 15, 2011","15.12","15.09","15.12","15.07","1.20K","0.13"
"Nov 14, 2011","15.10","15.19","15.19","15.10","6.35K","-0.26"
"Nov 11, 2011","15.14","15.15","15.19","15.14","10.86K","0.60"
"Nov 10, 2011","15.05","15.12","15.12","15.05","7.90K","-0.20"
"Nov 09, 2011","15.08","15.19","15.19","15.08","19.07K","-1.44"
"Nov 08, 2011","15.30","15.29","15.30","15.25","6.23K","0.39"
"Nov 07, 2011","15.24","15.25","15.25","15.20","6.57K","0.00"
"Nov 04, 2011","15.24","15.24","15.24","15.20","4.02K","0.07"
"Nov 03, 2011","15.23","15.24","15.24","15.14","2.89K","0.53"
"Nov 02, 2011","15.15","15.21","15.22","15.15","23.23K","0.53"
"Nov 01, 2011","15.07","15.08","15.08","15.05","2.61K","-1.57"
"Oct 31, 2011","15.31","15.33","15.40","15.31","39.33K","-0.52"
"Oct 28, 2011","15.39","15.40","15.40","15.39","4.07K","-0.19"
